text,source
上帝<br/>我的上帝<br/>我接受你的救恩<br/>用我的所有<br/>用我的所有<br/>为这人间的正义<br/>为这人间的正义<br/>为这人间的正义<br/>让我知道<br/>让我知道<br/>接受你的信义<br/>接受你的信义<br/>接受你的信义<br/>让我在这人世间<br/>让我在这人世间<br/>让我在这人世间<br/>接受你的信义<br/>接受你的信义<br/>接受你的信义<br/>我的上帝<br/>我的上帝<br/>上帝,p80
轻轻地<br/>推开窗<br/>让阳光<br/>洒进心房<br/>暖洋洋<br/>的春天<br/>朝我走来<br/>不再有<br/>悲伤<br/>和凄凉<br/>在这欢乐<br/>幸福<br/>时光<br/>啊<br/>愿这阳光<br/>照耀着<br/>你和我<br/>随着歌声<br/>翩翩起舞<br/>飞到那<br/>遥远地方<br/>遥远地方<br/>你是梦<br/>你是爱<br/>你是我的全部<br/>啊<br/>心中的太阳<br/>如此明亮<br/>我的生活<br/>充满阳光<br/>你是,p80
让世界<br/><br/>变得更温暖<br/><br/>它曾经那么的冰冷<br/><br/>让所有的人们都<br/><br/>面带微笑<br/><br/>而不是现在这样<br/><br/>虚伪和欺骗<br/><br/>如果不能改变命运<br/><br/>那就改变自己<br/><br/>让阳光照进<br/><br/>每个人的心里<br/><br/>啊～<br/><br/>希望之光<br/><br/>让太阳升起<br/><br/>照耀大地<br/><br/>我们是一家人<br/><br/>不分离<br/><br/>不论距离多遥远<br/><br/>不论多久<br/><br/>在阳光里我们<br/><br/>寻找着希望<br/><br/>那永恒的光<br/><br/>照亮世界<br/><br/>我们在一起<br/><br/>,p80
"I woke up in a city,That was so strange to me<br/>With cars parked way up high,And no people in sight<br/>It was like a scene,From a dream I once knew<br/>When I was a child<br/>I woke up in a city,That was so strange to me<br/>With cars parked way up high,And no people in sight<br/>It was like a scene,From a dream I once knew<br/>When I was a child<br/>（a）Shining",p80
我渴望那个季节 真正的爱情<br/>甚至从未去过那里 我将不能从那个房间出来<br/>将我在秋千上荡漾<br/>总是在这种疯狂中 梦想着坠入爱河<br/>爱情永远不回来 就像秋天到来<br/>如果你不能爱我 为什么在晚上哭泣<br/>爱 爱的感觉来了又去<br/>爱 只是感觉来了又去<br/>你在那个秋千上哭了吗？<br/>不是的<br/>我爱你<br/>我哭是因为我爱你<br/>我们不应该来这，夏洛特<br/>- 下午好,p80
我的男朋友<br/>有一个男朋友<br/>他曾说他爱我<br/>他有宽阔的肩膀<br/>所以当他拥抱我<br/>世界都颤抖<br/>他的男朋友<br/>有一个男朋友<br/>他曾说会照顾我<br/>他有英俊的脸孔<br/>所以每次看到他<br/>我都会微笑<br/>他的男朋友<br/>有一个男朋友<br/>一个爱笑的男朋友<br/>总是那么快乐<br/>而我的男朋友<br/>一个爱哭的男朋友<br/>总是那么伤心<br/>我比不上他<br/>我的男朋友<br/>他的男朋友<br/>和我说话时<br/>,p80
You know when I say my best friends you are<br/>You know when I say you walk with me<br/>You know when I say you always will be<br/>You know that I can not say no more<br/><br/>你总是告诉我你有多爱我<br/>你总是说我们是最好的朋友<br/>你总是说我们永远在一起<br/>你知道你让我不能说不<br/><br/>And I know when I need you most of all<br/>And I know when you need me too<br/>And I know when I need to talk to you<br/>,p80
01 爱情酿的酒 02 我的爱无家可归 03 不怕 04 爱情酒 05 绝情 06 我不再想你 07 偷偷爱着你 08 等待的人 09 玫瑰情话 10 爱情密码 11 你爱的不是我 12 谁叫我爱你<br/>感谢您采纳我的回答,p80
很想牵着你的手<br/><br/>走在林间的小路上<br/><br/>晚风轻拂脸庞<br/><br/>夕阳西下<br/><br/>我望着你<br/><br/>羞红的脸庞<br/><br/>心里忽然荡起层层的涟漪<br/><br/>那是我第一次见到你<br/><br/>我的爱人<br/><br/>夕阳落下了山<br/><br/>天边那颗孤星闪闪<br/><br/>就像你那调皮的眼神<br/><br/>我忍不住想吻你<br/><br/>吻你吻你<br/><br/>就在那片枫树林<br/><br/>我爱你<br/><br/>我的爱人<br/><br/>我爱你<br/><br/>,p80
All the things I want to say to you<br/>It's no matter what you do or where you are<br/>All the things I want to say to you<br/>It's no matter what you do or where you are<br/>想你 想你 想你<br/>想你 想你 想你<br/>想你 想你 想你<br/>无论你在何处 无论你做什么<br/>All the things I want to say to you<br/>It's no matter what you do or where you are<br/>All the things I want to say to,p80
黑黑的天空低垂 亮亮的繁星相随<br/>虫儿飞 虫儿飞 你在思念谁<br/><br/>浪漫的夏季已来到 荷花儿香 叶儿翠<br/>风儿吹 雨儿飘 铃儿响叮当<br/><br/>我们坐在高高的谷堆旁边<br/>听妈妈讲那过去的事情<br/><br/>那时候天还是很蓝<br/>日子总过得太慢<br/>在转眼中 过了这么多年<br/>花儿又谢了 月儿又弯了<br/>,p80
看着我<br/>你看到了什么?<br/>你看到的 是个年轻的梦想<br/>看到了一个梦想<br/>一个梦想<br/>你不理解我说的?<br/>我不理解你的思想<br/>我不理解你<br/>但我很高兴看到你<br/>很高兴看到你<br/>很高兴见到你<br/>你知道吗<br/>我有一种感觉<br/>有一种感觉<br/>我们注定要在一起<br/>我们注定要在一起<br/>你知道吗<br/>有一种感觉<br/>我很高兴见到你<br/>看着我<br/>你看到了什么?<br/>你看到的 是个年轻的梦想<br/>看到了一个梦想<br/>一个梦想<br/>你不理解我说的?<br/>我不理解,p80
迷茫的小鹿想冲破枷锁<br/>小野马想四处奔放<br/>别烦我<br/>我要走自己的路<br/>喔<br/>喔<br/>喔<br/>喔<br/>什么<br/>什么<br/>喔<br/>喔<br/>喔<br/>喔<br/>迷茫的小鹿想冲破枷锁<br/>小野马想四处奔放<br/>别烦我<br/>我要走自己的路<br/>喔<br/>喔<br/>喔<br/>喔<br/>什么<br/>什么<br/>喔<br/>喔<br/>喔<br/>喔<br/>迷茫的小鹿,p80
Hi baby 嗨 宝贝<br/>How do I turn you on? 我怎样才能让你兴奋<br/>It's my first time 这是我的第一次<br/>It's my first time 这是我的第一次<br/>It's my first time 这是我的第一次<br/>It's my first time 这是我的第一次<br/>It's my first time 这是我的第一次<br/>It's my first time 这是我的第一次<br/>It's my first time 这是我的第一次<br/>It's my first time 这是我的第一次<br/>It's my first time 这是我的第一次<br/>It's my first time 这是我的第一次<br/>It's my,p80
你是我的，你是我的，你是我的<br/>我梦中的一切，我心中的一切<br/>我今生的一切，我今世的一切<br/>我一切的一切，我的星星<br/>我的星星，我的星星，我的星星<br/>我的星星，我的星星，我的星星<br/>我的星星，我的星星，我的星星<br/>我的星星，我的星星，我的星星<br/>我的星星，我的星星，我的星星<br/>我的星星，我的星星，我的星星<br/>我的星星，我的星星，我的星星<br/>我的星星,p80
从我十五岁的时候起<br/>我已离开了学校<br/>曾经有梦想在我的心底<br/>为了得到它我愿意做任何事情<br/>如果我失败了<br/>我总是对自己说<br/>我会再努力一次<br/>我的过去<br/>总是充满着斗争<br/>只要我还有力气我就会拼搏<br/>人生就是奋斗的过程<br/>如果我需要休息<br/>我会把一切放在一边<br/>一切烦恼都会消失<br/>如果我想知道我为什么活着<br/>就是为了爱我的人<br/>为他们而活<br/>为了爱的人而活<br/>,p80
What the hell is going on?<br/>What the hell is going on?<br/>What the hell is going on?<br/>What the hell is going on?<br/>What the hell is going on?<br/>What the hell is going on?<br/>What the hell is going on?<br/>What the hell is going on?<br/>What the hell is going on?<br/>What the hell is going on?<br/>I am your ghost from the past<br/>I am your shadow on the wall<br/>I am the dark when the daylight ends<br/>I am the breath when,p80
&sung;&sung;&sung;&sung;&sung;&sung;&sung;&sung;&sung;&sung;&sung;&sung;&sung;&sung;&sung;&sung;&sung;&sung;&sung;&sung;&sung;&sung;&sung;&sung;&sung;&sung;&sung;&sung;&sung;&sung;&sung;&sung;&sung;&sung;&sung;&sung;&sung;&sung;&sung;&sung;&sung;&sung;&sung;&sung;&sung;&sung;&sung;&sung;&sung;&sung,p80
星星闪烁不定，<br/>人群川流不息。<br/>没人知道我将去向何方，<br/>我的道路不在地图上。<br/>然而尽管，<br/><br/>我身处何方，<br/><br/>我永不会走错，<br/>因为我心中有路。<br/>我只要忠于自我，<br/>我要让全世界都知道<br/>我绝不会走错。<br/>天空无法选择鸟儿的飞翔，<br/>大海无法选择鱼儿的游动。<br/>我能选择我人生的道路，<br/>也能创造出我自己的辉煌。<br/>尽管我身处何方,p80
愿我们一切安好<br/>亲爱的<br/>要是我有足够的能力<br/>我就会回到那个地方<br/>我们会再次相逢<br/>就像人们说的那样<br/>已经到了该说再见的时候<br/>但我想给你一个小小的提醒<br/>曾经被遗忘的爱情<br/>曾让我如此地想念<br/>我们曾拥有最美的时光<br/>让我握住你的手<br/>没有伤痛<br/>没有忧伤<br/>没有哭泣<br/>也没有泪水<br/>让时间倒转<br/>让我们再次相见<br/>让我再一次看到你微笑的面容<br/>,p80
《我心永恒》——席琳·迪翁<br/>你沉睡着的脸庞<br/>依然安详<br/>我在梦中轻声呼唤你的名字<br/>你却始终不语<br/>只是安详地<br/>紧闭着双眼<br/>等待我的声音<br/>告诉我你爱我<br/>告诉我你将永远不会离我而去<br/>你苍白的双手<br/>依然紧握<br/>等待我的声音<br/>告诉我你爱我<br/>告诉我你将永远不会离我而去<br/>无论你身在何处<br/>我都会找到你<br/>无论你,p80
"When you wake up in the morning<br/>看着你在清晨醒来<br/>Say a little prayer for<br/>对上天祈祷<br/>The one you love<br/>你爱的人<br/>Baby, that`s what I want to do for you 宝贝，这是我想为你做的<br/>When you go out at night<br/>当你晚上出去<br/>And hold your head up high<br/>昂首挺胸<br/>Knowing I`ll be there<br/>你知道我会在那里<br/>Singing<br/>不停的唱<br/>Sweet love songs to you<br/>",p80
我们以为天塌下来也会有高个的人来顶住<br/><br/>生活给我们考验它又算得了什么<br/><br/>不是我们去改变生活<br/><br/>是生活改变我们<br/><br/>为了实现心中的理想<br/><br/>我们曾经历了太多太多<br/><br/>可是每一次的失望<br/><br/>让我不知所措<br/><br/>我不知道到底为什么<br/><br/>难道我们一定要为了生活而改变自己<br/><br/>生活是现实的也是残酷的<br/><br/>我们无力去改变<br/><br/>只有去适应<br/><br/>其实人生活着就是一种心情<br/><br/>每一种心情都是不同的体会,p80
下着雨的夜<br/>我们曾一起走过<br/>可是最后分手了<br/>她靠着我的肩<br/>那时候的我们<br/>爱还像气球般<br/>远远的飘着<br/>在相遇的地方<br/>不知觉的停住了<br/>那是思念的河<br/>就像拉开了<br/>满满的回忆<br/>忽然间<br/>我在黑暗的夜里<br/>找到了星星的指引<br/>不再寂寞的迷路<br/>爱让勇气在心中<br/>点亮了灯<br/>在那过去的旅行中<br/>那,p80
1. 黄昏里，他吻了她的脸颊，然后说再见，并承诺很快回来。<br/>2. 他只是匆匆，说再见，并不想走。<br/>3. 在她的心，在他离开前，她爱的梦，就破碎了。<br/>4. 她太爱他，伤得如此严重，她觉得，她将无法再活下去。<br/>5. 但是，他不相信，爱情会死亡，所以他离开了，不会再回头。<br/>6. 想到这一天，她,p80
Rivers in the desert 是沙漠中的河流<br/>Lonely hearts call each other 孤独的心相互呼唤<br/>To get across the sand dunes 为了穿越沙丘<br/>In search of water to drink 找水解渴<br/>In search of love to share 找爱分享<br/>And in the distance 在远处<br/>You can hear them calling 你听到他们的呼唤<br/>If you have to search forever 如果你永远找<br/>If you have to search far and wide 如果你远走寻<br/>,p80
她想要我吗<br/>我已经厌倦了等待。<br/>让我走，我不想你。<br/>我为什么要等<br/>我不懂。<br/>你打电话给魔鬼，他在那里。<br/>你最好离他远点，宝贝。<br/>哦，但是，如果我爱你，你为什么要离开我<br/>我已经厌倦了等待。<br/>让我走，我不想你。<br/>我为什么要等<br/>我不懂。<br/>你打电话给魔鬼，他在那里。<br/>你最好离他远点，宝贝。<br/>我不需要爱，我需要很多。<br/>我不想只与你分享。<br/>我希望,p80
站在这里望着天空<br/>今夜的星星又少了几颗<br/>你说过 如果我离开你<br/>会永远都不快乐<br/>我的身体充满了空气<br/>想让你的吻能够回航<br/>你不知道 你不知道<br/>一厢情愿的爱情<br/>是不会有幸福的<br/>就如同那闪烁的星星<br/>只是一刹那的光芒<br/>就如同我心中 对你的那份爱<br/>总是无法填满<br/>也许 你永远都不会知道<br/>我在这里守候着<br/>用我一生的时间,p80
没有灯光，没有颜色，没有快乐，没有时间。<br/>没有爱情，没有伤痛，没有感觉，没有空间。<br/>我想要飞，飞向梦中的婚礼。<br/>对不起，我丢下我自己。<br/>我是无比的激动，我是无比的悲伤。<br/>这一刻，泪水从我的眼睛流下。<br/>我飞过狂风暴雨，我穿过成千上万的人群。<br/>我的心在寻找着一切。<br/>当我飞过狂风暴雨，我穿过成千上万的人群。<br/>我的心在寻找着一切。<br/>,p80
《想把我唱给你听》<br/><br/>王东<br/>把你的照片放在我的办公桌上<br/>每天清晨看着你<br/><br/>让我有了精神<br/>把你的照片贴在厕所的墙上<br/>每次入厕都想着你<br/><br/>让你也离不开我<br/>嘿 亲爱的 你可知道<br/><br/>我多爱你<br/>真想唱一首歌<br/>唱出我对你所有的爱<br/>想把我唱给你听<br/>让你知道<br/>你就是我的梦想<br/>想把我唱给你听<br/>让你知道<br/>不管有多遥远<br/>就算有天�,p80
"记得第一次在CD上听到这首歌的时候就喜欢上了它，后来从《名扬四海》知道这首歌原来叫""Whenever, Wherever""。最近重温了《Titanic》这部电影，也听了这首歌，心里有说不出的感觉。我记得听这首歌是在《Titanic》这部电影里面一个让人很感动的地方，后来我才知道这首歌原来是Celine Dion唱的，这是她唱的第一首英文歌，不过却一下子红遍了全世界。",p80
所有的男男女女<br/>看起来都差不多<br/>谁会知道<br/>在满地尘土之中<br/>会不会有谁<br/>还守着约<br/>春风满面<br/>会不会有谁<br/>会给我意外的爱情<br/>然而　只有你<br/>好像不认识我<br/>经过这里<br/>神色漠然<br/>难道你<br/>从来就没有在乎我<br/>就让我留在<br/>你转身以后的雨里<br/>就让我留在<br/>最寂寞的季节<br/>既然你说<br/>这是你此生决定的方向<br/>我在,p80
"Cause I like my car, my car, my car, my car<br/>因为我喜欢我的车，我的车，我的车，我的车<br/>Yes I like my car, my car, my car, my car<br/>是的，我喜欢我的车，我的车，我的车，我的车<br/>And if you like my car, you can keep it<br/>如果你喜欢我的车，你可以把它<br/>Cause I like my car, my car, my car, my car<br/>因为我喜欢我的车，我的",p80
每一次的离别，让我非常痛苦。<br/>虽然我们并不真的认识。<br/>而当火车离开月台时，<br/>你所有的希望和理想。<br/>就会离开你而去。<br/>还有我的生命，我和你的一切，<br/>都已经结束了。<br/>因为你已经说出了再见。<br/>而我已泪流满面。<br/>我已泪流满面。<br/><br/>现在有很多国外电影被翻译成中文，但都经过了改编，与原版的剧情有很大的不同，而有的台词也被翻译得与原版差别很大，但是总体,p80
小河<br/>曲: 吴正忠<br/>词: 吴正忠<br/>儿时的小河<br/>是多么美丽<br/>梦中的绿洲<br/>那么甜蜜<br/>那蓝蓝的天空<br/>白云朵朵<br/>小河<br/>小河<br/>你为何不再清澈<br/>小河<br/>小河<br/>你为何不再美丽<br/>不要哭<br/>不要再悲伤<br/>如今的你<br/>历经沧桑<br/>为了一句承诺<br/>让黄河断流<br/>小河<br/>小河<br/>你为何不再清,p80
你曾经那么温柔地说过<br/>我是你唯一的爱<br/>你的眼睛早已告诉我<br/>我对你有多么重要<br/>我怎能视而不见<br/>你为我所做的一切<br/>现在你又为何远离我<br/>请告诉我为什么<br/>你要离开我<br/>你离开我<br/>是什么让你<br/>如此离开我<br/>请告诉我<br/>是什么让你<br/>如此离开我<br/>我对你有多么重要<br/>你怎能视而不见<br/>你为我所做的一切<br/>现在你又为何远离我<br/>请告诉我为什么<br/>你要离开,p80
有首歌 唱著 在日落之後<br/>再相聚 然後永遠一起<br/>其實很多時候 沒事情發生<br/>有首歌 唱著 如果能在一起<br/>說你會永遠愛我<br/>永遠有多遠 我始終不相信<br/>有首歌 唱著 相愛<br/>怎麼能放棄 一切只因為<br/>唱著我和你永遠都不會分開<br/>有首歌 唱著 相愛<br/>怎麼能放棄 一切只因為<br/>唱著我和你永遠都不會分開<br/>有首歌 唱著,p80
海边的卡夫卡<br/>词：谢宇威/黄建昌<br/>曲：谢宇威<br/>看一看走过的那些日子<br/>脚步零乱<br/>心事零乱<br/>你让风带走我<br/>我让风带走你<br/>我们什么也没留下<br/>而时间带走一切<br/>是多么的自然<br/>梦在落叶堆里<br/>随晚风摇曳<br/>一伸手<br/>就有一片从指间溜走<br/>而月亮<br/>就在我手中<br/>只是看不清<br/>,p80
我们是炎黄子孙，<br/>我们爱中华，<br/>我们是龙的传人，<br/>永永远远要听从党中央指挥。<br/>我们是炎黄子孙，<br/>我们爱中华，<br/>我们有几千年的历史，<br/>永远要对祖国热爱，<br/>要为祖国奉献。<br/><br/>祝您新年快乐，春节快乐。,p80
人应该活得像鸟儿<br/>自由地飞翔在天空<br/>没有任何束缚<br/>生活不能等待<br/>要及时行乐<br/>你感到孤独<br/>你要去追逐<br/>你爱的人<br/>你要珍惜<br/>每一天的快乐<br/>享受生活<br/>把握现在<br/>你永远都不知道<br/>明天的你会是怎样<br/>你要抓住<br/>每一个机会<br/>如果你还想<br/>得到爱<br/>要活得像鸟儿<br/>自由地飞翔<br/>享受生活<br/>享受生活<br/>享受生活<br/>享受生活<br/>你,p80
Shakira - Años Luz<br/>一朵花盛开的声音<br/>带着奇迹和所有的爱<br/>爱得这般强烈<br/>像一个飓风<br/>我想要永远<br/>像这样和你在一起<br/>永远不分离<br/>当一个人 慢慢老去<br/>灵魂也会跟着<br/>长出皱纹<br/>但是我对你的爱<br/>永远不会<br/>减少一分一毫<br/>一秒也不会<br/>让我们的爱去流浪<br/>在我们心中的沙漠<br/>你就是我的绿洲<br/>永远是蓝天<br/>给你我一生的爱<br/>如果,p80
顺风，顺风，不觉得风很大吗？<br/>世界是旋转的， 你别害怕，顺着风<br/>顺风，顺风，不觉得风很大吗？<br/>转啊转，转啊转，把心放轻松<br/>旋转的地球在转，转出大未来<br/>风筝在高处飞，我们都喜欢<br/>抬头看，转个圈，世界又不同<br/>旋转的地球在转，转出大未来<br/>风筝在高处飞，我们都喜欢,p80
"So what if I do want you, you know you got me<br/><br/>I do want you and I got you, you got me<br/><br/>I do want you, you know you got me<br/><br/>I do want you and I got you, you got me<br/><br/>If you ever get tired of hanging out with me<br/><br/>Don't be scared to let me know<br/><br/>I'll make a couple of plans and I'll be out<br/><br/>If you ever feel like you're losing me<br/><br/>Don't worry, girl<br/><br/>You can bring it to",p80
黑夜即将来临 夕阳就要沉没<br/>我知道是时候该离开了<br/>我必须走了 乘着最后一趟列车<br/>远去。<br/>别再为我担心 我不会感到害怕<br/>再见。<br/>请为我祈祷 我不会孤单的走<br/>我身边总有一道光芒<br/>它会一直照亮我的前方。<br/>夜晚虽已来临 但太阳依旧高照<br/>我知道我应该继续前行<br/>我应经离开了我熟悉的家园<br/>但永远都不会孤单<br/>因为有你温暖的双手<br/>,p80
你<br/>从你的脸<br/>望向蓝天<br/>像翅膀<br/>我希望<br/>飞翔<br/>你<br/>从你的梦<br/>望向世界<br/>像翅膀<br/>有希望<br/>你<br/>就像蓝天<br/>拥抱世界<br/>还有希望<br/>希望<br/>就是<br/>你<br/>这就是你为什么让我眩晕的原因。<br/>这是我非常喜欢的一首歌。我觉得，这篇文章应该用这首歌作为背景音乐。<br/>事实上，你永远不知道什么叫做幸福，直到你与相爱的人共度一生。<br/>没有人能阻止一个,p80
我见到一个婴儿，被抛弃在路边<br/>我问他，“谁把你扔在这里？”<br/>他看着我，开始哭泣。<br/>“为什么有人会把我抛弃？”<br/>他告诉了我，他是怎样来到这世界上<br/>他告诉我，他不属于任何人。<br/>“我想回家”<br/>我问他，“家在什么地方？”<br/>他指着星星，他摇摇头<br/>我问他，“你多大了？”<br/>他告诉我，他没有生日。<br/>“我不知道我属于谁”<br/>他是,p80
"Everything I own I owe to you<br/>我所拥有的一切都是你的<br/>I would not be alive, if it was not for you<br/>没有你，我不可能活着<br/>And I could not be sure, if it was not for you<br/>没有你，我不可能确定<br/>You are the reason that I'm moving<br/>你使我生活有了目标<br/>You are the reason that I'm breathing<br/>你使我呼吸有了意义<br/>You're all I've ever wanted<br/>你是我所有想要的一切<br/>And all I've ever needed",p80
青春是挽不回的水<br/>转眼消失在指间<br/>用力的浪费 再用力的后悔<br/>不要沉溺于过去，接受新的生活，新的自己，新的团队！<br/><br/>谁说不可以<br/>谁说不可以<br/>谁说不可以<br/>擦干眼泪告诉自己不准哭<br/>说好不准哭<br/>深呼吸 深呼吸<br/>我们要坚强 我们要坚强<br/>我们要坚强<br/>听见没有 听见没有<br/>谁说不可以<br/>我是最棒的<br/>擦干眼泪告诉自己不准哭<br/>不准,p80
We can't dance<br/>We can't talk<br/>And we can't even walk in the same direction<br/>We can't sleep<br/>We can't eat<br/>We can't even breathe at the same time<br/>We can't cry<br/>We can't laugh<br/>When we can't even smile without a reason<br/>No more daydreams<br/>We can't play<br/>I can't touch you and you can't touch me<br/>We can't move<br/>There's no life<br/>We can't feel<br/>We can't even see when we're blinded by pride<br/>We can't leave<br/>,p80
我愿你有一颗宁静的心，一双发现美的眼睛。<br/>在这无情的世界里，有一张真实温暖的脸。<br/>为了那些你珍惜的，你爱的。<br/>不再彷徨，不再恐惧。<br/>没有彷徨，没有恐惧。<br/>我们每个人都在这座城市里，孤独地走着，盼望着有一天能拥有人生中最值得珍惜的东西。<br/>把背影留给曾经。<br/>对过往挥挥手。<br/>那些来不及的爱，来不及诉说的话，,p80
哪里都少不了<br/>善良<br/>美丽<br/>甜美的眼睛<br/>星星在天上闪烁<br/>闪烁着智慧的光芒<br/>好想把它摘下<br/>挂在明亮的窗口<br/>让所有孩子每天都能<br/>见到<br/>每一个黎明和夜晚<br/>太阳和月亮<br/>传递着神秘的语言<br/>每一朵鲜花和绿叶<br/>都会把新的希望<br/>孕育<br/>每一次的阴和晴<br/>风和雨<br/>记录着每段奇妙的旅行<br/>每一个故事和,p80
夜来香<br/>词曲：黎锦光<br/>演唱：邓丽君<br/>轻轻地<br/>我走了<br/>正如我轻轻地<br/>来<br/>我轻轻地招手<br/>作别西天的云彩<br/>那河畔的金柳<br/>是夕阳中的新娘<br/>波光里的艳影<br/>在我的心头荡漾<br/>软泥上的青荇<br/>油油的在水底招摇<br/>在康河的柔波里<br/>我甘心做一条水草<br/>那榆荫下,p80
我走着漫漫长路，在无尽的黑暗中。<br/>我走过无尽的寂寞，走过无尽的风雨。<br/>我走过无尽的希望，走过无尽的失落。<br/>我走过无尽的回忆，走过无尽的牵挂。<br/>我走过无尽的黑暗，走过无尽的沧桑。<br/>我走过无尽的追寻，走过无尽的迷惘。<br/>我走过无尽,p80
"歌曲名：Believe in me<br/>歌手：Super Junior<br/>作曲: Dsign (For The Love Of God) - Glorious 编曲: Dsign<br/>I'm so lost 我迷失了方向<br/>I don't know where I'm going 不知道我要去何方<br/>You said that I'm lost 你说过我迷失了<br/>but I don't know where I'm going 可我却不知道我要去何方<br/>Help me trust in you, Help me trust in you, Help me trust in you 请你帮助我",p80
下着雨的夜　有没有人为你等在雨中<br/>他会是晴天　只要能让你开心<br/>但你的世界　开始下着雨<br/>爱是否被你收起　有一个人从雨中为你撑伞<br/>对他说你爱他<br/>能不能抱紧我<br/>在这被淋湿的雨中<br/>舍不得说再见<br/>爱能不能永远<br/>是否保持最初感受<br/>你却让我伤透心<br/>能不能抱紧我<br/>在这被淋湿的雨,p80
有没有一扇窗，能让你不绝望。<br/>看一看花花世界原来像梦一场。<br/>有人哭，有人笑，有人输，有人老。<br/>到结局还不是一样。<br/>有没有一种爱，能让你不受伤。<br/>这些年堆积多少对你的知心话。<br/>什么酒醒不了，什么痛忘不掉。<br/>向前走就不可能回头望。<br/>朋友别哭，我依然是你心灵的归宿。<br/>朋友别哭，要相信自己的路。<br/>红尘中，有太多,p80
一片雾 深深雾<br/>飘过来 飘过来<br/>我的心 停止了跳动<br/>说不出 讲不明<br/>我不知 哪里是情网<br/>一片情 痴痴情<br/>罩着我 罩着我<br/>我的情 不知寄何方<br/>深怕它 吹散了风中<br/>深怕它 消失在雾里<br/>深怕它 随云儿飘走<br/>深怕它 随烟儿消散<br/>浓浓的雾里 有我,p80
走出这山谷， 乔恩！<br/>歌唱着黎明，<br/>他们祈祷你歌唱着，<br/>好让那鹰再次飞翔。<br/>为何你歌唱？<br/>世界上的生命在燃烧，<br/>海水变黑，火已升起，<br/>而人们在战壕中死去。<br/>歌声不会为这世界祈祷，<br/>但那歌声却是如此的哀伤。<br/>如果我们的祖国再次被玷污，<br/>我们仍会歌唱着<br/>因为我们的旗帜永不坠落。<br/>走在光明路上，<br/>乔,p80
每一天<br/>你放学回家<br/>我从来没有问过<br/>你做了什么<br/>我从来没有说<br/>我想念你<br/>每一天<br/>当你离开<br/>我从来没有问过<br/>你去哪里<br/>我从来没有说<br/>我爱你<br/>每一天<br/>我学着生活<br/>没有你<br/>对我来说<br/>每一天<br/>我希望我能说我爱你<br/>但是我没有<br/>当你的手<br/>紧握着我的<br/>当你的眼睛<br/>看着我的<br/>当我和你在一起<br/>是的，当我和你在一起<br/>你却不知道我爱你<br/>,p80
我的心和我的爱<br/>它们不再想流浪<br/>你的微笑就是家<br/>你就是天空的颜色<br/>我的心和我的爱<br/>它们不再想流浪<br/>你的微笑就是家<br/>你就是天空的颜色<br/>我的爱人<br/>你知道你的笑容<br/>已经有多久没有给我了吗<br/>我的爱人<br/>你知道你的背影<br/>已经有多久没有回头了吗<br/>你的笑容就像海水一样清澈<br/>我的心和我的爱<br/>它们不再想流浪<br/>你的微笑就是家<br/>你就是天空的颜色<br/>我的爱人<br/>你知道你的笑容,p80
你听 有风正在吹<br/><br/>听 风之歌<br/><br/>无边无际的吹响<br/><br/>风之歌<br/><br/>风儿吹吹吹<br/><br/>雨儿飘飘飘<br/><br/>花儿落落落<br/><br/>你听 有风正在吹<br/><br/>听 风之歌<br/><br/>摇摇晃晃的吹响<br/><br/>风之歌<br/><br/>风儿吹吹吹<br/><br/>雨儿飘飘飘<br/><br/>你听 有风正在吹<br/><br/>听 风之歌<br/><br/>静静悄悄的吹响<br/><br/>风之歌,p85
当我们老的时候<br/>你还会不会在我的身边<br/>你会不会<br/>温柔的<br/>说爱我<br/>多少次我这样问自己<br/>当我看着你离去<br/>留我一个人在世上<br/>多少次我问自己<br/>你会不会后悔<br/>你会不会留恋<br/>从前美好的日子<br/>我会送你红色玫瑰<br/>我会将你的名字刻在我心上<br/>我会紧紧抱着你<br/>我将一直守侯<br/>我会念你写的情书<br/>我会留长发等你<br/>有一天你会知道<br/>这些都是我的爱<br/>,p85
陈家凯：家是一扇门<br/>打开是温暖<br/>关上是孤独<br/>刘美麟：家是一杯酒<br/>喝了能忘记<br/>不喝会回忆<br/>合：家是倦鸟归来的巢<br/>家是受伤后疗伤的窝<br/>家是沙漠中的绿洲<br/>家是避风的港湾<br/>回家吧 回家吧<br/>我们回家吧<br/>家是父亲的关怀<br/>家是母亲的呵护<br/>家是亲人的牵挂<br/>家是心灵的,p85
"It feels so right, good feels so wrong.（感觉好极了，但感觉也很糟糕）<br/>Smooth like a love song（像一首爱之歌一样顺畅）<br/>Sweet like a love song（像一首爱之歌一样甜蜜）<br/>Going down and I feel no pain（我沉沦下去，却感觉不到疼痛）<br/>Going down and I feel no pain（我沉沦下去，却感觉不到疼痛）<br/>It feels so good（感觉",p85
风在我右边<br/>马在我左边<br/>一顶红帽<br/>一个斗篷<br/>你要和我一起去吗？<br/>去暗矮人那里<br/>去暗矮人那里<br/>去暗矮人那里<br/>去暗矮人那里<br/>亲爱的朋友<br/>如你所知<br/>我经常计划着<br/>想让你来玩<br/>他们带我去见他<br/>那个有名的恶魔<br/>他说“不用担心”<br/>我说“等等”<br/>哦~<br/>那燃烧的烈焰<br/>就是命运的安排<br/>他们带我去,p85
仙樂飄飄處處聞<br/>沁入你我心<br/>魔鏡，魔鏡，誰是世上最美，誰是世上最漂亮<br/>來啊，來啊，來啊，來啊<br/>仙樂飄飄處處聞<br/>跟隨著旋律節奏<br/>魔鏡，魔鏡，誰是世上最美，誰是世上最漂亮<br/>來啊，來啊，來啊，來啊<br/>嘩！小丑魔術多神奇，請勿妄下,p85
《天天夜夜》是著名音乐人张亚东的经典作品。是张亚东在录音棚为那英创作的一首慢摇滚曲风的歌曲，而那英也亲自演唱了这首歌曲。而《天天夜夜》最早出现在于那英2000年专辑《心酸的浪漫》中，如今这个版本则被作为电影片尾曲出现。虽然张亚东如今更多地是给一些国外摇滚乐队写歌，但其实张亚东的摇滚作品同样十分出色。而《,p85
听 遥远的汽笛<br/>在 梦里呼唤<br/>你的呼吸<br/>是呼唤我的咒语<br/>被 歌声带回<br/>我的世界里<br/>闭上双眼<br/>有你的声音<br/>是谁<br/>在拨动我的心弦<br/>是谁<br/>听见心跳<br/>是谁<br/>在耳边唱情歌<br/>是谁<br/>翻动我的心弦<br/>是谁<br/>听见心跳<br/>是谁<br/>在耳边唱情歌<br/>谁的手<br/>是谁的手<br/>拉动这车轮<br/>谁的手<br/>,p85
世界末日 并不遥远<br/>所有生灵 即将灭绝<br/>万物崩坏 末日降临<br/>灰烬覆盖着大地<br/>为了她<br/>我将奉献出一切<br/>就算是钢铁般的灵魂<br/>化作灰尘也无所谓<br/>点燃熊熊的火焰<br/>为了她<br/>为了她<br/>我愿付出一切<br/>就算是心脏和灵魂<br/>在爱的面前也不算什么<br/>化为灰烬又如何<br/>我愿献出一切<br/>我只愿她能够活下去<br/>无论是什么我,p85
本字幕仅供学习和交流使用，不得用于任何商业目的。使用本字幕所造成的一切后果皆与 Fit 影视论坛无关。（请到贴吧或论坛下载）<br/><br/>在世界的尽头<br/>被广阔大海所包围的大陆上<br/><br/>那是一个以巨大帆船为舞台<br/>展开的宁静安稳的海洋国家<br/>大航海时代<br/>我们无忧无虑的生活着<br/>朝着未来勇敢前进<br/>身为一名年轻的海贼<br/>我憧憬着自己,p85
不要惊讶<br/>只要多想一点<br/>爱情随时会离开<br/>它比一切都更盲目<br/>不要惊讶<br/>最脆弱的火焰<br/>能够烧成最亮的一颗星星<br/>时间让爱情改变方向<br/>我们为爱做过的事<br/>爱还是一样<br/>是贪心还是需要<br/>不知道自己有这种需要<br/>我只知道<br/>不要停止去爱<br/>不要停止去爱<br/>不要停止去爱<br/>不要停止去爱<br/>不要停止去爱<br/>不要停止去爱<br/>不要停止去,p85
本能<br/>没有言语，没有表情的掩饰，直觉就能让我们相恋，<br/>没有原因，没有过程的痛苦，直觉就会让我们相离。<br/>原始的欲念，像山洪一样的爆发，<br/>不需要经过大脑，自然的来临，我的原始本能。,p85
"No surrenderNo surrender<br/>No surrender,No surrender<br/>No surrender,No surrender<br/>No surrender,No surrender<br/>No surrender,No surrender<br/>Oh,我永不放弃<br/>再奋战一回合<br/>Don't be afraid,鼓起勇气<br/>勇往直前，振作精神<br/>Don't be afraid,鼓起勇气<br/>勇往直前，振作精神<br/>No surrender,No surrender<br/>No surrender,No surrender<br/>No surrender,No surrender<br/>No surrender,No surrender<br/>Oh,我永不放弃<br/>再",p85
面对着你<br/>我不会再说<br/>你好吗<br/>我不会再对你说再见<br/>也不会再有梦<br/>在你家门前徘徊<br/>面对着你<br/>我要大声地宣布<br/>我爱你<br/>请不要假装不知道<br/>我喜欢你<br/>谢谢你让我快乐<br/>那一天我看到你<br/>那一天我看到你<br/>你让我坠入爱河<br/>你让我坠入爱河<br/>我的梦想成真了<br/>我的梦想成真了<br/>当我第一次见到你<br/>当我第一次见到你<br/>那时我闭上眼睛<br/>感觉着幸福的,p85
1、（啊）可曾听过最清澈的呼吸/最浪漫的气息/<br/><br/>在月光下<br/><br/>一株小花/迎风摇曳/<br/><br/>背著夏日的梦醒/<br/><br/>（啊）可曾听过最清澈的呼吸/最浪漫的气息/<br/><br/>在月光下<br/><br/>一株小花/迎风摇曳/<br/><br/>背著夏日的梦醒/<br/><br/>每一天的早餐/阳光好安静/像睡著一样/<br/><br/>在,p85
甜蜜蜜 甜蜜蜜<br/>你笑得多甜蜜<br/>甜蜜蜜 甜蜜蜜<br/>好像花儿开在春风里<br/>为什么你笑的这么甜<br/>为什么你这么美丽<br/>莫名其妙 不知道<br/>春天花开处处闻<br/>你在哪里<br/>我就在哪里<br/>你知道我在等你吗<br/>你在哪里<br/>我在这里<br/>等着你回来<br/>甜蜜蜜 甜蜜蜜<br/>你笑得多甜蜜<br/>甜蜜蜜 甜蜜蜜<br/>好像花儿开在春风里<br/>为什么你,p85
总是在夜里翻来覆去<br/>想着你那动人的眼睛<br/>想要对你说爱你千万次<br/>用我的心 倾吐真情<br/>我爱你 爱你<br/>我这一生最爱你<br/>尽管岁月流逝<br/>我依然爱你<br/>不管未来会怎样<br/>我要牵着你的手<br/>我想告诉你 今生今世<br/>我爱你 爱你<br/>我这一生最爱你<br/>为你 我付出了<br/>所有真情<br/>用我所有努力<br/>呵护你 我的爱人<br/>我爱你 ,p85
A little heart a little home<br/>This feeling I've known<br/>For a long long time<br/>A happy home a happy family<br/>So what am I doing here?<br/>A little heart a little home<br/>How can you break this heart of mine<br/>By putting me away?<br/>My only hope is that<br/>One day you'll remember<br/>That I'm your mother<br/>I don't want you to be angry with me<br/>But I have to do what's best for you<br/>I love you more than you will ever know<br/>The,p85
一起歌唱这音乐<br/>趁生命如此年少<br/>情窦初开 歌声甜美<br/>天使降落凡尘 来到我的身旁<br/>一起歌唱这音乐<br/>让青春如此发光<br/>天使降落凡尘<br/>永远长留心房<br/>天使降临凡尘<br/>来到我的身旁<br/>天使降落凡尘<br/>永远长留心房<br/>天使降临凡尘<br/>永远长留心房<br/>再来一首。,p85
Jack Frost nipping at your nose<br/>树梢上挂着冰霜<br/>making spirits bright<br/>心情多舒畅<br/>What better time to deck the halls<br/>这正是装点圣诞树的时候<br/>than<br/>-<br/>-<br/>-<br/>-<br/>-<br/>-<br/>-<br/>-<br/>-<br/>-<br/>-<br/>-<br/>-<br/>-<br/>-<br/>-<br/>-<br/>-<br/>-<br/>-<br/>-<br/>-<br/>-<br/>-<br/>-<br/>-<br/>-<br/>-<br/>,p85
请给我回音<br/>哦<br/>说吧<br/>我在等着你<br/>请你告诉我<br/>你的心<br/>比我的更美<br/>快请回答<br/>我愿永远等你<br/>永远爱你<br/>你说出了真情<br/>请接受我的爱<br/>永远<br/>永远<br/><br/>Op.25 The Unanswered Question<br/>Variations on a Rococo Theme<br/><br/>OP.25 Op.25<br/>木管乐队和小提琴合奏<br/>曲作者　柴可夫斯基(Peter Tchaikovsky)<br/>首演　1840,p85
嘿 我的心跳如此沉重<br/>我只是无法呼吸<br/>我知道这一天会来到<br/>你无法听到我的声音<br/>我的话语 你听不到<br/>因为 我将会消失在云端<br/>从这世界上一切东西<br/>这就像从这世界上一切东西<br/>如果我要试，就要试在最高点<br/>如果我将付出代价<br/>你将看不到我流血<br/>当你离开时，我要以尖叫代替话语<br/>从这世界上一切东西<br/>当我说话，别走开，当你走开,p85
to a<br/>skylark I know<br/>with a song as light as a fairy's wing<br/>to a lark whose heart<br/>at heaven's gate soars so high<br/>fly from cloud to cloud<br/>sing your wild strain to me<br/>I'll answer you with<br/>the echoes of my dream<br/>In the lonely hours<br/>the night has a thousand eyes<br/>and they all look at me<br/>In the lonely hours<br/>of the night<br/>In the lonely hour of night<br/>moonlight on the,p85
"Can you feel it in the air? It<br/>'s getting hotter The pressure is on<br/>大家都感受得到空气中的气氛，越来越紧张了。<br/>Can you feel it in the air? I<br/>'m getting ready<br/>The competition is fierce 这会让你感受到我的激情。<br/>This is it, my chance to break the rules 我绝不会放过这个机会，去打破规则的。<br/>Hoping for my dreams to come true And there's no turning back<br/>希望我的梦想能够成真，",p85
只要我<br/>能让<br/>你的心<br/>明白<br/>The warmth of<br/>a loving<br/>hand<br/>我想我<br/>就能够<br/>感受<br/>The thrill of<br/>your soft lips<br/>甜蜜的<br/>紧紧地<br/>拥抱着<br/>你<br/><br/>Raindrops on roses<br/>and whiskers on kittens<br/>还有小猫的胡须<br/>这些都让我开心<br/><br/>Cats playing with<br/>little white balls<br/>小猫玩着小白球<br/>这些都让我开心<br/><br/>Sweets to the,p85
白龙寺 不看佛<br/>大理城 翻城墙<br/>蝴蝶泉 泉水干<br/>马蹄声 客栈<br/>梦里有一个地方<br/>它不在我的身旁<br/>天上它近在咫尺<br/>地底它却在远方<br/>它在水中央<br/>是我的故乡<br/>在我心底<br/>从来不曾遗忘<br/>它没有尽头<br/>它是我最初的地方<br/>在那里山连着水 水连着天<br/>那里的人从来没有忧伤<br/>也没有眼泪<br/>那里的日子过得很,p85
La...<br/>Ba...<br/>da<br/>ba<br/>de<br/>ba<br/>di<br/>ba...<br/>La...<br/>Ba...<br/>da<br/>ba<br/>de<br/>ba<br/>di<br/>ba...<br/>冷冷的夜里，走过的男子<br/>他就像一面白墙<br/>他的眼神如此冰冷<br/>就像在风中摇曳的枯叶<br/>他虽然走了，我却留下来<br/>我留在沙滩<br/>留在这个异乡<br/>我独自沿着沙滩走着<br/>静静的守候他的踪影<br/>回头望着,p85
想着你<br/>我泪流满面<br/>每一次我想你的时候<br/>我都会流泪<br/>为了我们曾经相爱<br/>即使分离也无法改变<br/>分离的日子里<br/>我常常哭泣<br/>我永远的永远的<br/>爱你<br/>说这句话<br/>并不是想要继续这样的爱<br/>我爱你<br/>我爱你<br/>我爱你<br/>请不要欺骗我<br/>当你要离开我的时候<br/>请不要再欺骗我<br/>不要再欺骗我<br/>说这句话<br/>并不是想要继续这样的爱<br/>我爱你<br/>我爱你<br/>我爱你<br/>请不要欺骗我,p85
A<br/>我醒来在光明的早晨<br/>那正是昨天 我上床的时候<br/>没有什么事 值得我多想<br/>我最好只过好我的日子<br/>在我心里没有什么特别的<br/>只有一件事 值得我多想<br/>所有的男人和女人 都想挣到金钱<br/>我也不会对他们的梦想 妄加评论<br/>不过我有我自己的梦<br/>没有什么特别 不过那是我的梦<br/>所有男人和女人 都想去看看世界<br/>我自己知道我为何如此<br/>可是我不能解释清楚 为何我要,p85
《水手》<br/>郑智化<br/>他说风雨中这点痛算什么<br/>擦干泪不要怕至少我们还有梦<br/>他说风雨中这点痛算什么<br/>擦干泪不要问为什么<br/><br/>他说风雨中这点痛算什么<br/>擦干泪不要问为什么<br/>黑暗的尽头，走下去，就是黎明。<br/>长夜的尽头，走下去，就是天明。<br/>在恶毒的人心，难容的世道，冷漠的现实里，<br/>没有刀光,p85
从此不再有你<br/>我们都很寂寞<br/>电话中虚假的声音<br/>不再有你<br/><br/>我曾是你所爱<br/>如今再不会一样<br/>（从现在）到永远<br/>直到世界灭亡<br/>我会记得你，我爱的你<br/>我会记得你，我爱的你<br/>I Will Remember You<br/>I Will Remember You<br/>I Will Remember You<br/>I Will Remember You<br/>I Will Remember You<br/>I Will Remember You<br/>I Will Remember You<br/>I Will Remember You<br/>I Will Remember,p85
每当我注视着那明月的时候， 我总觉得是在你遥远的目光中。 你高高在上，我日日夜夜思念着你。 为了曾经的誓言，为了心灵的渴望， 为了无法改变的命运，我永远与你在一起。 当我心神不定的时候，当我没有信心的时候， 我总是想到你的目光，你的微笑，和你那些亲切的话语， 给我勇气，给我希望，让我无所畏惧。 每当月儿挂在天上，每,p85
Baby I know<br/>Can you make it right<br/>I know we can make it right tonight<br/>Baby I know<br/>So let me in<br/>I know we can make it right tonight<br/>Baby I know<br/>Can you make it right<br/>I know we can make it right tonight<br/>Baby I know<br/>So let me in<br/>I know we can make it right tonight<br/>Alright come on.<br/>继续。<br/>Yeah<br/>You want me to come over right now<br/>想现在来我家吗<br/>You want,p85
今夜让<br/><br/>我心宁静<br/>什么都不去想<br/>不再伤悲<br/>沉浸在伤心的美梦中<br/>希望时间停止不再流动<br/>让我保留<br/>过去那一份回忆<br/>但是今晚星月满天<br/>只有我独自一人在悲叹<br/>天上月儿圆<br/>地上人儿断肠<br/>天若有情<br/>不该有离别<br/>地若有情<br/>不应该有山川<br/>啊！ 欢乐时短<br/>寂寞无穷<br/>美好的日子<br/>为什么不能长久<br/>黑暗已经过去,p85
"There’s just one single chance<br/>Don’t wanna let it slip away<br/>I was born in this city<br/>And I can call it my own<br/>I feel it, it’s getting stronger<br/>I can see it in your eyes<br/>I can see it in your smile<br/>I can see it in your soul<br/>But I need you to show me<br/>Baby, baby, baby<br/>All I need to know is where do we go from here?<br/>I wanna give it all to you<br/>I wanna give",p85
"I'm Gonna Love You Just A Little More, Baby<br/>亲爱的我要再爱你一点<br/>I'm Gonna Love You Just A Little More, Baby<br/>我要再爱你一点<br/>I've Seen The Rain<br/>I've Seen The Rain<br/>I've Seen The Rain<br/>I've Seen The Rain<br/>I've Seen The Rain<br/>I've Seen The Rain<br/>I've Seen The Rain<br/>I've Seen The Rain<br/>And I've Seen The Rain Fall Down On Your Parade<br/>我已经看到雨落在你的",p85
深海里，蝴蝶的梦想<br/>一朵花<br/>可以绽放几千年<br/>看那星，在无际的夜空<br/>云彩会变成什么<br/>写满梦，浅浅的诗行<br/>有多少秘密，藏在我心上<br/>寻找那，遥远的故乡<br/>隔着海，谁在听我歌唱<br/>我听见，天空中花开的声音<br/>花开的声音<br/>哦，故乡<br/>藏着多少，遥远的梦想<br/>我听见，天空中花开,p85
多么奇妙 多么美妙<br/>你我共聚这里<br/>梦想同在 精彩万分<br/>今天让梦想高飞<br/>世上万事 一试就知<br/>今天的你让我更加相信<br/>年轻的梦 无敌最美丽<br/>让我们一起拥抱这世界<br/>年轻多好 天空海阔<br/>还有梦一起追<br/>年轻多好 勇于去爱<br/>这是我们的时代<br/>我们好不容易来到这世上<br/>让我们改变这个世界<br/>精彩万分<br/>今天让梦想高飞<br/>,p85
她来自那东边遥远的小岛<br/>岛上每夜升起温暖的月亮<br/>你浅浅的笑<br/>你柔柔软软<br/>你蜜蜜甜甜<br/>你从那南边的小岛向我这里流浪<br/>我听见你的歌声在回荡<br/>你浅浅的笑<br/>你柔柔软软<br/>你蜜蜜甜甜<br/>你浅浅的笑<br/>你柔柔软软<br/>你蜜蜜甜甜<br/>你浅浅的笑<br/>你柔柔软软<br/>你,p85
我从哪里来，有谁能告诉我，<br/>我来自何方。<br/>我为什么要存在，有谁能知道，<br/>我为何而生。<br/><br/>这世界属于你，它总是在变化，要让你明白，没有什么是永恒的。<br/><br/>一切都是短暂的，这世界属于你，愿你常怀欢愉的心，愿你的欢愉的心永不破碎。<br/>愿你常怀欢愉的心，愿你的欢愉的心永不破碎。,p85
"[You're all I've ever wanted]<br/>[My hope, my dream, my destiny]<br/>[I won't give up]<br/>[No, I won't stop until I reach the end]<br/>[You're all I see]<br/>[My heart, my soul, my faith in love]<br/>[You're all I need]<br/>[To live, to give, to feel alive]<br/>[To fly, to reach, to touch the sky]<br/>[No, I won't give up]<br/>",p85
"光阴似箭,日月如梭<br/>光阴迅速,光阴飞逝,时光荏苒,白驹过隙,<br/>一切象闪电一样飞快地过去.<br/>我们度日如年，而时光在无聊中飞逝.<br/>当我们正想在树阴下小憩时, 生命已经到了中午.<br/>当我们刚刚开始人生的旅程时, 生命已经到了尽头.<br/>去年冬天我还看到这些大树,现在它们却已光秃秃的了.<br/>",p85
烟雨烟雨蒙蒙，楼台如画，碧柳丝丝春意闹。<br/>荷花娇，笑颜酡，对镜贴花黄。<br/>人面桃花，依依醉人，映出墙红。<br/>帘外雨潺潺，人比黄花瘦，红烛泪，留人醉，窗外梧桐，雨里芭蕉。<br/>明月心，水迢迢，落花楼台，对影遥相照。<br/>,p85
在旅行的光年之后<br/>我会找到那对儿孪生行星<br/>那里你们可以一起游泳<br/>在美丽沙滩上<br/>但你们得赶快行动<br/>免得来不及<br/>来吧 跟上 跟上 跟上<br/>你必须跟我来<br/>加入所有我们的朋友<br/>我们会待到夕阳落下<br/>用一天时间环游银河系<br/>但是 如果在航程结束前<br/>你对我们失去了兴趣<br/>你必须离开<br/>亲爱的 我真的期待那一天<br/>我会在我的吉他盒里<br/>,p85
我们的歌<br/><br/>词：张简君伟<br/><br/>曲：张简君伟<br/><br/>制作人：张简君伟/吕祯晃<br/><br/>Wu uwu…<br/><br/>记得那一天 广场的太阳很大<br/><br/>第一次牵手 你害羞的看着我<br/><br/>你傻傻的说 我们可不可以在一起<br/><br/>那一天 我们的歌唱了一天<br/><br/>所有的人都记得我们的歌<br/><br/>那一年我们去了很多地方<br/><br/>做了很多疯狂的事 你说我是最棒的<br/><br/>那一天 我们的歌唱了一天<br/><br/>,p85
星海广阔无边<br/>沧海又何曾能变作桑田<br/>无论如何 无尽深情 亦已一往情深<br/>茫茫天际 灿烂烟花<br/>在闪耀一刻 都一齐在璀灿夜空下飞舞<br/>任凭快乐时光匆匆消失不再留住<br/>只有风继续吹<br/>纵使点点回忆 积聚心里<br/>从不觉得这段情是可惜<br/>漫长路 愿你多珍重<br/>曾话,p85
"（这首《Komm Zu Mir》 是德国歌手Maximilian Hecker演唱，中文翻译比较不好，听者自己理解）<br/><br/>这是我翻译的歌词，可能不全准确。<br/><br/>I've come back to you, don't be afraid.是我回到你身边，不要害怕。I was in your dreams.我在你的梦里。Was it real, what we felt?我们所感受到的，那是真的吗？Wake up and face reality.醒来吧，面对现实。I wanna feel your heart",p85
偷听邻居家的窃窃私语，是否说着对你满满的疼爱<br/>月光轻轻地透过玻璃窗，雪花飘洒窗外触动了心房<br/>他们说着你的离开，你已不在我身旁，哭红的双眼不再对谁依恋<br/>能不能再回到从前，让我爱你到永远<br/>能不能再让我拥有，从前那种温暖<br/>亲吻你淡淡的哀愁，温暖着你身体的每一处<br/>当你难过的时候，我会在你身旁,p85
在深夜的秋叶之街<br/>忘却的乐园的门扉<br/>轻扣一晚的声音<br/>夜晚晴朗的黎明<br/>奇妙的思绪<br/>如同黑夜退去的街道<br/>是呀，我也曾这样的去听这首歌<br/>非常美丽的歌词<br/>和你在一起的时候，<br/>我总是想，等你离去后，我会一个人痛苦的死掉，<br/>我真的是很怕寂寞的，<br/>我常常在想，要不是因为我让你变成了那么痛苦的一个人，<br/>我想，你一定不会离,p85
我喜欢孤独<br/>但它不属于我<br/>来也匆匆 去也匆匆<br/>你听不到我的声音<br/>来也匆匆 去也匆匆<br/>你听不到我的声音<br/>在雨中倾听雨声<br/>呼唤雨中的声音<br/>在雨中倾听雨声<br/>呼唤雨中的声音<br/>我喜欢独自一个人<br/>在风雨中独自漫步<br/>在风雨中独自漫步<br/>我喜欢在暴风雨中<br/>与狂风闪电一起漫步<br/>与狂风闪电一起漫步,p85
"This song is dedicated to you,<br/>I love you so.<br/>You know I do.<br/>我如此爱你，你知道<br/>I hate to let you go,<br/>you know how much.<br/>我多么不想让你走，你知道<br/>I'd give anything to stay,<br/>you know I would.<br/>我愿付出一切，你知道<br/>But I have to let you go,<br/>so long.<br/>但是我得让你走，再会了<br/>So, darling, please remember me.<br/>所以，亲爱的，请记住我。<br/>I promise you",p85
"中文歌词<br/>This is the way<br/>This is the way I like it baby<br/>This is the way<br/>This is the way I like it baby<br/>And I wanna tell the world<br/>I don't like nobody else but you<br/>I like it, I like it, I like it<br/>The way you walk<br/>The way you talk<br/>The way you move<br/>The way you groove<br/>The way you kiss<br/>The way you sigh<br/>I like it, I like it, I like it<br/>",p85
当鲜花含苞待放时<br/>你是我渴望的风<br/>当明月映入我眼中<br/>你是我注目的星光<br/>我心中只有你<br/>我的心为你牵挂<br/>我为你担忧<br/>可是你并不在意<br/>可我依然爱你<br/>我心中的花<br/>你为何要凋零<br/>在春天到来之前<br/>你可曾知道我的思念<br/>就像绵绵春雨<br/>我心中只有你<br/>我的心为你牵挂<br/>我为你担忧<br/>可是你并不在意<br/>可我依然,p85
我们是一群不完美的小孩<br/>我们曾犯过错误也曾受伤<br/>试着去做的更好<br/>可我们知道，我们依旧平凡<br/>我们需要你指引，能帮我们吗<br/>当我们生活黯然失色<br/>当我们面对艰难选择<br/>你能帮我们吗，帮我们吗，帮我们吗<br/>世界已扭曲，并非完美，爱能够疗愈<br/>我们能在一起，做更好的事，你能帮我们吗<br/>世界已扭曲，并非完美，爱能够疗愈<br/>我们能在一起，,p85
难得那浮生半日闲<br/>提起了笔<br/>不知从何说起<br/>人生几何 几何人生<br/>我乘着风<br/>翱翔在云间<br/>化作清风<br/>随处有山泉<br/>不须避世<br/>不须问俗<br/>山不在高<br/>水不在深<br/>寻着那往日的音容<br/>伴随着你<br/>伴着一路风雨<br/>人何在<br/>情何在<br/>几度留连<br/>几度蹉�,p85
这首歌是1986年阿尔韦托·桑托斯演唱的。现在人们用这<br/>首歌来纪念科伦巴-赛伊托。<br/>当阳光照射这片大地<br/>请你来到我的身边<br/>在这里我为你歌唱<br/>为你讲述我的爱<br/>梦中的你依然美丽<br/>温柔的声音缠绕我心<br/>这一切离我越来越近<br/>来到我的身边<br/>不要对我吝啬你的微笑<br/>不要让我独自哭泣<br/>不要对我说你已离去<br/>要知道我会永远爱你<br/>不要对我吝�,p85
越过一座山<br/>越过一道岭<br/>山前山后树呀树连理<br/>树上落只鸟<br/>树上落只鹰<br/>山前山后水呀水连波<br/>站在山尖我向下一看<br/>呀嗨哟嘿 呀嗨哟嘿<br/>呀嗨哟嘿 呀嗨哟嘿<br/>金秋的果实连着那农民的心<br/>呀嗨哟嘿 呀嗨哟嘿<br/>万家灯火映红那幸福的生活<br/>呀嗨,p85
"I got a lot of things<br/>I could write about,<br/>就像那夕阳<br/>留在身后<br/>I got a lot of stories<br/>一路上都想对你述说<br/>But the one that I want you to hear<br/>is about a cold October night<br/>是那场冷冷的十月夜<br/>When we met<br/>your mother<br/>妈妈和我们相遇的那晚<br/>I know it doesn't rhyme<br/>I can't believe I wrote a song<br/>我知道我不怎么会写诗<br/>No one would believe me<br/>",p85
山谷的风 吹响古铜色的号角<br/>我用尽了最后的气力 喊出最后的声音<br/>奔向那风的海洋<br/>我听见水手在高呼 向着大海的尽头<br/>向着胜利的彼岸 我们出发吧<br/>我的心充满了希望<br/>我心中的灯永远不会熄灭<br/>在你眼中我看到了曙光<br/>不要把我留在黑暗里<br/>心中的灯永不熄灭<br/>掌声在哪里<br/>我的歌唱完了<br/>给我点掌声<br/>掌声在哪里<br/>我的歌唱,p85
离开我很寂寞但能怎么办<br/>寂寞会压抑不住挣扎泪水<br/>不想给谁伤害<br/>想为自己心找一个家<br/>习惯了孤单不想被谁打扰<br/>想念我的明天爱我不变<br/>一起等待我们的誓言实现<br/>总有一天与你相遇的地点<br/>我要的陪伴是你温暖的手掌<br/>我们相爱永不分手<br/>不要说着你的无所谓<br/>我给你的爱你能不能感同身受<br/>不要说没有你我有多孤独<br/>看透了你的虚伪我不再,p85
于世界中两相对<br/>离开了我却走近你<br/>这是否天意<br/>令无穷改变<br/>原来是你在叫我<br/>却使我震。惊<br/>如何找天意<br/>相识前早已相识<br/>留住是爱是痴是醉<br/>仍愿痴醉里等你<br/>我爱你爱你爱你至死永不分离<br/>自从我遇见你的那天起<br/>我的心就属于你<br/>我爱你爱你爱你一生无悔无怨<br/>人世间多少悲欢聚散<br/>今生无,p90
当你缓缓倒进我的心田<br/>一个寂静的夜渐渐被点燃<br/>当我看到你吻着我<br/>就像是一首天堂的歌<br/>你的甜言蜜语<br/>如此甜蜜<br/>然后，我在你的眼里看到了它<br/>听到你说你爱我<br/>如此的响亮<br/>静静躺在我的臂膀里，我的公主<br/>你温暖的手指抚摸着我<br/>让我感受到<br/>你的爱<br/>我们在一起的时刻<br/>如此甜蜜<br/>你甜美的呼吸<br/>让我醉心不已<br/>你的纯真,p90
每一首歌都是一封寄不出去的信 写在最动人的情节 用我的悲伤唱出你的欢乐<br/>让我们心相连<br/>不要问我从哪里来 不要问我到哪里去 只要叫我唱出心里的歌<br/>不管是那一首 有哪一首不是动人的旋律<br/>这一首歌是一封寄不出去的信 请不要忘记我 有缘将会再相逢<br/>请你告诉我 你是否和我一样 我们的心永远不要说再见 永远不要说再见。,p90
啊，美丽的山河，你是我的祖国<br/>都是金色的土壤，哪一处不是我的家<br/>啊，美丽的山河，你是我的祖国<br/>哺育了亿万儿女，都是爹亲娘啊<br/>你问我出生在哪里？我就出生在你的身旁<br/>你问我出生在哪里？我就出生在你的身旁<br/><br/>啊，美丽的山河，你是我的祖国<br/>都是金色的土壤，哪一处不是我的家<br/>啊，美丽的山河，你是我的祖国<br/>哺育了亿万,p90
Super Junior - U<br/>Ooh U U U<br/>你也喜欢吗?<br/>这节奏<br/>你的视线正摆荡<br/>you<br/>&<br/>I<br/>真无法相信<br/>I want you<br/>I want U<br/>不是吧<br/>别装着<br/>像冰山般冷酷<br/>可我却着迷于你<br/>可我却着迷于你<br/>My baby baby<br/>I want you<br/>我向来带着温柔的心<br/>and tell you again<br/>真心真意告诉你<br/>I want,p90
窗外的雨滴 让整个城市像一幅油画<br/>我在画里想着你 越来越近越来越清晰<br/>如果我在你心里 是不是藏得秘密<br/>你是否也想过我一样 翻遍日记找线索<br/>雨滴敲打窗台 你有没有听见<br/>而我在画里写着爱你 只想让你知道<br/><br/>如果我在你心里 是不是藏得秘密<br/>你是否也想过我一样 翻遍日记找线索<br/>雨滴敲打窗台 你有没有听见<br/>而我在画里,p90
从前从前有个人爱你很久<br/>但偏偏风渐渐把距离吹得好远<br/>好不容易又能再多爱一天<br/>但故事的最后你好像还是说了拜拜<br/>我会试着放下往事管它过去有多美<br/>也会试著不去想起你淡淡烟草味<br/>反反覆覆拨着电话不改变已很久<br/>不知在夜深人静时却把你想起<br/>难道爱情可以转交给别人<br/>不管我爱的人是谁<br/>只要你出现了我就会明白<br/>爱说,p90
"我们昨天分离,是今天又相遇；<br/>昨天我们相隔万里,今天在同一地球。<br/>就因为有求同存异的真谛,才使得中美友谊充满魅力。<br/>我们的友情是蓝天上飘动的云彩,互相扶持,携手并肩,永不离开。<br/>尽管我们生活条件和习惯各有不同,尽管语言不同,宗教信仰不同,肤色不同。<br/>但我们都拥有共同的愿望,让世界充满和平,我们坚信友谊永存！<br/>昨天分离,今天相遇,",p90
最心爱的你<br/>飘入到我的心里面<br/>驱散了离愁 弥漫着思念<br/>在最美丽的一瞬间<br/>抬头看那天 看见你似白鸟<br/>张开双臂 带我往前飞<br/>忽隐忽现的你在我梦里<br/>不知不觉我已经离不开你<br/>已经离不开你<br/>我的最爱<br/>已经离不开你<br/>我已经离不开你<br/>已经离不开你<br/>你已经离不开我<br/>最心爱的你<br/>飘入,p90
绯色の月に抱かれて<br/>优しい记忆と<br/>痛みさえ<br/>苏り<br/>欠片を集めながら<br/>そうさ　生きるの<br/>常にふたり<br/>「真夜中に君は一人でいるの?」<br/>「どこかに行ってしまった?」<br/>「おばぁちゃんの话ばかり闻くの?」<br/>君に会いたいん,p90
你的儿子，对你撒了谎<br/>你的儿子，打了别人<br/>为了什么?<br/>有什么意义?<br/>老头儿<br/>从头再来<br/>就像我<br/>我就喜欢这样<br/>这种音乐好听吗?<br/>但我们都知道它的意义<br/>我不要他的钱<br/>我以为你为他工作?<br/>是的，我是<br/>但我想做我自己的音乐<br/>那是更好，更好的？<br/>会更好<br/>你没跟别人说过?<br/>这里有点钱<br/>你自己开个店，买个锅<br/>- 你开什么店,p90
我愿<br/>为爱攀上<br/>巅峰<br/>我愿<br/>划破浪谷<br/>扬帆<br/>攀上<br/>巅峰<br/>纵使攀登<br/>扑空<br/>梦醒<br/>会跌进深渊<br/>也愿<br/>从未<br/>有此梦<br/>梦中没你<br/>宁愿<br/>从未<br/>有此梦<br/>即便只是一瞬间<br/>愿长梦不醒<br/>就算世事难料<br/>也祈求<br/>愿望成真<br/>永劫<br/>永劫<br/>不愿醒<br/>来吧！<br/>,p90
你是否也曾面对着门<br/>想和陌生人谈一谈<br/>可当你开始倾吐的时候<br/>你才发现已经走了好远<br/>就这样我唱了一首歌<br/>唱出心里的感受<br/>你听见的可能是旧故事<br/>也可能是新的希望<br/>你是否也曾望着旧照片<br/>想起那些失去了联络的朋友<br/>可当你正要放弃的时候<br/>你又开始对它有所希望<br/>就这样我唱了一首歌<br/>希望能感动你<br/>不要只是等待它的淡去<br/>让你沉浸在自己的思绪,p90
是错的，我们都知道<br/>不能给爱情，找到一个方向<br/>太阳，可那冷了下去，又躲藏起来了<br/>尽管我们燃烧的爱，隐藏太久了<br/>在冰冷的夜晚里，我们曾经伤痛过<br/>走在喧哗的大街<br/>来来往往的人<br/>谁会在意<br/>深情的眼光<br/>再多的寂寞<br/>也不能给我们的爱<br/>找到一个天堂<br/>是错的，我们都知道<br/>不能给爱情，找到一个方向<br/>太阳，可那,p90
自美国的小镇 从遥远的地方<br/>驶来了一列火车<br/>驶过美国的小镇<br/>穿过大森林<br/>穿过山隘<br/>驶向遥远的加拿大<br/>加拿大，不列颠哥伦比亚<br/>我的爱人<br/><br/>加拿大，你多么高远<br/>巍峨的山峰<br/>小溪潺潺流淌<br/>不断流进我的心上<br/>奔向了瀑布<br/>奔向了湖泊<br/>奔向了海洋<br/>好美的景色<br/>加拿大，你的土地<br/>多么宽广<br/>广袤,p90
“有个小镇在西班牙<br/>不知道什么时候来，<br/>要开摇滚大会，<br/>听说那里美女如云，<br/>还剩下五张票，<br/>有谁想去请报名<br/>如果你现在还单身<br/>就让我们一起去。<br/>你梦想在乐队成名<br/>站在摇滚舞台<br/>告别迷惘的日子<br/>抛开所有的苦闷<br/>你知道不能后退<br/>你不能放弃你的热血<br/>摇滚在你的心<br/>有美丽热情的西班牙<br/>梦想就在那里<br/>有美丽热情的西班牙<br/>青春不会停留。”,p90
终究是冷冷清清 奔向孤单地路途<br/>能冲破阻拦的力量 是信心能将心声继续高歌<br/>寂寞的途人夜静的楼影<br/>默默地望街中的霓虹<br/>全不知倦眼内只有朦胧<br/>风渐冷酒渐暖<br/><br/>孤单中隐隐地盼望<br/>真爱会在心中<br/>一生只得一次不应再错过<br/>让两心扣紧不分再让那夜雨,p90
〈永远的微笑〉<br/>词作者：方群<br/><br/>白色玫瑰般的女孩/我们的小宝贝/你像天使一样/纯洁得没有一点瑕疵/<br/>两岁半时有了宝宝/她会叫你永远的情哥哥/<br/>不要说不要说你心里很难受/<br/>这一切都有我们做父母的分担/<br/>还有爷爷奶奶、外公外婆/爸爸妈妈的心全部都给你/<br/>永远的微笑永远的微笑/给我们的宝宝/<br/>天冷了给你穿上,p90
"I always loved the guy's in black<br/>(我一直喜欢那些穿着黑色的人)<br/>We used to wear black because we thought it was cool<br/>(我们过去常穿黑色因为觉得很酷)<br/>But we're older now and there's other things that we wanna wear<br/>(现在我们大了想穿别的东西)<br/>So if you really love us then wear black today<br/>(所以如果你爱我们那就今天穿黑色)<br/>Boys in black, we love you for the passion that you show<br/>(男孩们，我们爱你们",p90
"Ho, Sha, Ah Oh Na, Yah<br/>Ha<br/>Eh, Eh, Yo, Yo<br/>You don’t know me, but I know you, though.<br/>I’ve seen you around, and you look so good, girl.<br/>If I could<br/>I would<br/>Wrap you in my arms and never let you go.<br/>Ha, Ha, Ha, Ha, Ha, Ha, Ha, Ha<br/>Na, Na, Na, Na, Na, Na, Na, Na<br/>Na, Na,",p90
走散的时光都遗忘了，就像忘掉我模样<br/>旧的电影院还有你的笑容，散落一地悲伤<br/>恋恋红尘，缠绵绯恻<br/>你的相片，来不及保存，斑驳在墙壁上<br/>倾诉着昔日的旧梦<br/>还有泛黄的留言册，为你写下每一段心情<br/>漫天的黄叶被风吹散，一转眼都飘远<br/>季节无声无息流转，街道被夜色,p90
我读著那来自遥远星尘的信，<br/>从一开始你就存在，<br/>比光速还快，<br/>在这无限的宇宙中，<br/>在这永恒的时间里，<br/>你是我存在的原因，<br/>每次我闭上眼睛，<br/>内心深处有个东西<br/>就在不停呼唤著我。<br/>别把我送走，<br/>我知道我不能完全了解，<br/>你为什麽来到这里，<br/>但是相信我，<br/>我知道我的心。<br/>喔喔喔...<br/>。<br/>我背负著命运，<br/>我想如果我不走这一遭，<br/>谁能知道我会不会,p90
"我带我来做我吧 让我来<br/>我带我来做我吧 让我来<br/>我带我来做我吧 让我来<br/>谢谢, 我也喜欢这首歌。<br/>歌词：<br/>我带我来做我吧 让我来<br/>我带我来做我吧 让我来<br/>我带我来做我吧 让我来<br/>我带我来做我吧 让我来<br/>我带我来做我吧 让我来<br/>我带我来做我吧 让我来<br/>我带我来做我吧 让我来<br/>哇",p90
Music Video<br/>你当我是谁<br/><br/>主唱：<br/><br/>周杰伦<br/><br/>作曲：<br/><br/>周杰伦<br/><br/>作词：<br/><br/>方文山<br/><br/>等你等了那么久，<br/>为什么你现在才回过头。<br/>说你想我，<br/>我也不会<br/>那么难过。<br/>也许应该恨你，<br/>恨你为何不等我。<br/>也许应该怨你，<br/>怨你为何要骗我。<br/>在我的心中，<br/>再也没有<br/>美丽的藉口。<br/>你当我是谁<br/><br/>如此沉默。<br/>你当我是谁<br/><br/>却又,p90
随着太阳落到天空<br/>现在可以走开<br/>好让那里热闹<br/>我不知道是笑或哭<br/>在人群中<br/>在隧道<br/>我想走<br/>我不睡在晚上<br/>他们把我的未来 关闭前<br/>在我离开之前 我很孤单<br/>让世界<br/>赶快停止<br/>喜欢喝醉了<br/>这是非常糟糕<br/>说这是我的地方<br/>反正这是我的地方<br/>我不介意<br/>我被打破<br/>废话<br/>哦 拜托<br/>谁能停止哭泣<br/>在人群中<br/>在隧道<br/>我想走<br/>我不,p90
"人生最大的痛苦<br/><br/>（完美人生）<br/>《我的名字是乔纳斯》片尾曲<br/>演唱者：汤姆 · 威茨<br/>（美剧《欢乐合唱团》主题曲歌手）<br/><br/>我会掉眼泪, 为了所有让我悲伤的<br/>(因为所有让你悲伤的)<br/>当你对我说, 你会拯救我, 带我回家<br/>(你拯救了我, 带我回家)<br/>如果你能救赎, 你拯救了, 你拯救了,<br/>(如果你能救赎, 你拯救了, 你拯救了)<br/>我会",p90
十八的姑娘一朵花，<br/>经过爱情她才长大，<br/>昨夜她离开了家，<br/>临走的时候她的话儿少，<br/><br/>昨天晚上你问我可曾知道，<br/>她为你受尽委屈<br/>在受了挫折的时候才想起她，<br/>想起她的好，<br/>十八的姑娘一朵花，<br/>经过爱情她才长大，<br/>昨夜她离开了家，<br/>临走的时候她的话儿少。<br/><br/>十八的姑娘情义真，<br/>她付出的爱情是那样纯真，<br/>她,p90
晴朗的一天，充满阳光<br/>我们欢声笑语<br/>在那美丽的果园里<br/>我们在那嬉戏玩耍<br/>并在那里共渡一天<br/>谁也想不到，危险来到<br/>突然地炸弹向我们<br/>在不停的轰鸣<br/>就在那一刻，一切都结束了<br/>可怕的是我们无处可逃<br/>饥饿、炎热、饥渴<br/>但我们勇敢不屈<br/>到处都是敌军<br/>子弹向我们飞来<br/>他们想结束我们的生命<br/>但我们已经没有机会<br/>再也,p90
《I'm Yours》<br/>你的眼睛眼是那么那么的明亮<br/>就像水一般纯洁闪耀<br/>你的眼睛看过去很平静<br/>然而在我心里却荡起层层涟漪<br/>你的嘴角嘴角总是带著微笑<br/>有的时候你甚至很淘气<br/>你的嘴角<br/>带著微笑<br/>我无法不去想像你的味道<br/>就好像是你的眼睛迷惑了我<br/>你的微笑也让我晕眩<br/>我是真的真的喜欢你<br/>我的心都快要跳出来<br/>,p90
这是我所梦想的世界<br/>儿童接受教育<br/>妇人安居在家<br/>男女都获得职业<br/>老人儿孙绕膝<br/>没有贪婪，没有憎恨<br/>没有恐惧，没有悲伤<br/>哪里也没有贫穷，饥饿或萧条<br/>看看人们<br/>脸上多宁静、平和<br/>幸福洋溢在心中<br/>不似我们世界，有人活着<br/>有人却饥寒交迫<br/>我们生活在梦幻般世界<br/>人人温饱，不必争夺<br/>战争消失，贫困、疾病远离<br/>,p90
将外出的主妇抛开<br/>飞奔的通勤者<br/>还有白天的勤劳工作者<br/>因期待而激动<br/>伊努玛图等待着 你何时归来<br/>谁家没有母亲在等着<br/>两分钟也好 只要能望见你<br/>伊努玛图等待着 你何时归来<br/>-太谢谢了。<br/>-太棒了。<br/>你很了不起。<br/>她直接唱到了这首歌，而且还能用中文写出来。<br/>这太疯狂了。<br/>-太棒了。<br/>太有才了。<br/>-太,p90
【邝美云】点解早到【吴奇隆】点解这么早来到<br/>【邝美云】清早来到只须要合上眼<br/><br/>【吴奇隆】不须要用这一双手发力来抱我<br/>【邝美云】却怕污糟这个纯白床单<br/><br/>【吴奇隆】早知道你爱这感觉<br/>【邝美云】可以一试早来这室内看艳阳<br/>【吴,p90
"With every step I take.<br/>你知道么<br/>Every breath I take.<br/>Every move I make.<br/>曾经被我深爱的人离弃，<br/>Back at you.<br/>我懂了，<br/>And I must say this pains me so,<br/>哪怕生活仍在继续，<br/>Coming from a place of truth,<br/>我不知道我到底做了什么，<br/>And I'm just tryin' to get over you.<br/>从前我是那样的爱你，<br/>But I don't wanna go over you.<br/>可是我想忘却，<br/>I wanna move on, get on with",p90
终於辗转反侧，决定放弃<br/><br/>梦的温度已经不再<br/><br/>烛台上有半块橡皮<br/><br/>只能擦去另一半回忆<br/><br/>快乐，需要另外一半<br/><br/>这道理原来一直都存在<br/><br/>一尘不染的镜子里<br/><br/>有一半镜子破碎了<br/><br/>只剩下另一半<br/><br/>早已流下的眼泪<br/><br/>连同另一半拼凑了结局<br/><br/>快乐，需要另外一半<br/><br/>当你在我的记忆中慢慢褪色<br/><br/>我们成了另一半陌生人<br/><br/>明天起一个人旅行,p90
从未试过迷路 跟我道别说拜拜<br/>最初始终最好 这热度你察觉吗<br/>独自夜归 沿路兜圈兜到没法见光<br/>情在偷笑我 如迷途的细路 踩错了站<br/>像最初 被谁抱紧 小心翼翼<br/>向上帝祷告<br/>希望上帝别让我忘记<br/>你 一双温暖手<br/>别让我紧记 只因我太好<br/>大概上帝也发笑我 想得太少<br/>一起,p90
剪一段时光 握在手中<br/>看年华若隐若现<br/>让雨下的再漂亮点 冲走岁月的痕迹<br/>你在身后 笑容可掬<br/>心事像一颗尘埃<br/>我沉默不语 眼泪却先流<br/>故事的情节像落叶在风中坠毁<br/>回不去的小时候<br/>妈妈说下雨天就要撑起那把雨伞<br/>我们说好谁都不能忘<br/>永远不说再见<br/>永远不说再见,p90
你我几时能看透<br/>迷惘里沉浮<br/>若你解开心中锁<br/>原来我心里寂寞<br/>呼喊我<br/>无助<br/>只想你梦里靠近我<br/>轻轻的呼唤我<br/>就算你多看不起我<br/>接受吧<br/>要抓紧<br/>分分钟都要将你占领<br/>梦里我信有这么一次<br/>可跟你挽手飞<br/>纵知道不可一起<br/>也极之璀璨<br/>回味那不可触摸的,p90
"Happiness is what you're after,<br/>Why then you're so sad?<br/>Happiness is all around,<br/>Why then you're on your own?<br/>Happiness is what I know.<br/>I love you not because of who you are<br/>I love you because of who I am when I am with you.<br/>I love you not because of what you have<br/>I love you because of what I have when I am with you.<br/>你渴望快乐 但为何忧伤？<br/>因为快乐就在你身边<br/>为何",p90
你让我忘了怎么去哭<br/>你让我忘了怎样去诉说<br/>你让我忘了你怎么去珍惜<br/>离别的风一吹过无忧的春<br/>遥望苍天忘不了你<br/>永恒的那笑容<br/>属于你我曾经的故事<br/>永恒的那笑容<br/>一直为我绽放<br/>你让我忘了怎么去哭<br/>你让我忘了怎样去诉说<br/>你让我忘了你怎么去珍惜<br/>离别的风一吹过无忧的春<br/>遥望苍天忘不了你,p90
On A Sunny Day<br/>我忧郁的笑容，因有你而改变。<br/>我多变的个性，因有你而变乖。<br/>突然问感觉有了回应，幸福像阳光般温暖。<br/>你独特的气质，让我眷恋。<br/>我感谢生活让我有你相伴，分享所有喜悦和悲伤。<br/><br/>Won't you stay<br/>It seems so wrong<br/>我却不能像你一样，把心放开。<br/>You know I'm fine<br/>If you want to know<br/>My only fear,p90
我想和你一起跳舞 借我<br/>为我花样年华一刹那<br/>让我成为你的影子<br/>我想和你一起跳舞 为你<br/>唯有你才是我梦中<br/>虚幻的人儿<br/>一望无际的沙漠 暴风在咆哮<br/>野火在黑夜里燃烧<br/>为我的爱在寻寻觅觅<br/>执迷不悟的向前走<br/>你的爱在我脑海挥之不去<br/>啦啦啦啦啦<br/>啦啦啦啦啦,p90
听见<br/>夏天接近的声音<br/>我感觉到<br/>你靠得很近<br/>我想没有太多时间<br/>可以浪费<br/>我感觉到<br/>你充满神秘<br/>你的爱像阳光一样强烈<br/>你的手像温柔的宇宙<br/>我不想孤单的飞翔<br/>你的爱让我<br/>勇敢的梦想<br/>我思念的夏天就要来了<br/>在盛开的玫瑰花田里<br/>为你弹奏我爱的乐章<br/>我要看见你张开你臂弯<br/>为我挡风遮雨<br/>那个夏天<br/>我,p90
你是不是一直那样爱着自己<br/>视如珍宝<br/>我们的心是上锁的房间<br/>没有别人能够介入<br/>我们曾是那样认真的爱着彼此<br/>沉默是激情的主角<br/>我们的心里<br/>就像有许多片断的胶卷<br/>让人看过后会铭记于心<br/>当你不在这里的时候<br/>我的心快不能承受<br/>我知道你爱我<br/>但我却不知道该怎样去爱自己<br/>想你的心寂寞寂寞就好<br/>想你的心失落失落就好<br/>你总是能轻易地就占据,p90
"我坐在这里并思考：<br/>我们深情相拥。<br/>（我坐在这里 思绪万千。<br/>）<br/>哦，我要告诉你，我的爱人。<br/>（宝贝,我要告诉你）<br/>直到爱的东西。<br/>（我爱的事情，直到永远）<br/>我爱你，我也。<br/>（我爱你，我也）<br/>我相信没有什么比生活。<br/>（相信没有什么比生活更好）<br/>我坐在这里并思考：<br/>我们深情相拥。<br/>（我坐在这里 思绪万千。<br/>）<br/>",p90
"世上有许许多多的锁<br/>打开一把，就有一把<br/>我说：“当那春风吹过玉门关”<br/>我的思念在那草原上升<br/>我的思念在那草原上升<br/><br/>由于信息化的发展，年轻人都会上网了，因此网恋也变得普遍，下面是一首歌的歌词，供大家参考：<br/>真真假假是网恋<br/>网恋因不知对方底细,具有神秘感,部分或全部是虚假的,所以很吸引人，但总",p90
I‘m tryna get to ya 我朝思暮想着你<br/>Baby can I call ya 宝贝我能打给你吗<br/>You got a celly with no PIN number 你有个没有串号的手机<br/>Even if I call 9 1 1 即使我打报警<br/>Guess who's coming to get ya 想必警察也会去接你<br/>Then I'm coming to get ya 之后我来接你<br/>If you have to get lifted 如果你要被绑架<br/>You're going to need some transportation 你最好找,p90
*你让我疯狂*<br/>*却让我无处可躲*<br/>*我感到现在或以后*<br/>*你仍会让我心跳*<br/>*有件事我*<br/>*必须要说明*<br/>*否则这故事无法继续*<br/>*你对我说*<br/>*你只想得到我的关心*<br/>*我想问*<br/>*为什么*<br/>*你想得到我的关心*<br/>*我想问*<br/>*为什么*<br/>*我想问*<br/>*为什么*<br/>*你却,p90
该多好我们有梦可以做 该多好我们有汗水可以流淌<br/>该多好我们可以把一切都想象<br/>该多好我们不必循规蹈矩的压抑<br/>该多好我们可以大声的歌唱<br/>该多好我们拥有一颗永远年轻的心<br/>该多好我们学会勇敢的说出<br/>该多好我们拥有别人无法比拟的力量<br/>我们并肩走在生活的路上<br/>世界会变得更美好<br/><br/>the end.,p90
当你要走的时候不必为我悲伤<br/>我一直都知道<br/>你从来就没有爱过我就象我爱你一样<br/>多年以后当你再想起我你会明白<br/>人们会忘记<br/>人们会受伤<br/>人们会痛哭失声<br/>有时候你只需要抱紧我<br/>在这人来人往的寂寞城市里<br/>我越来越像你<br/>你越来越像我<br/>想打开爱人的心，获得爱人的原谅，最好的方法就是证明她的爱。打赢一场感情上的战役，赢下未来的幸福生活，,p90
一光年<br/>那一季的下弦月照亮离别的晨昏<br/>你突然转身 消失在人潮<br/>我逆着风 在时空里<br/>连一点线索也找不到<br/>彷佛所有回忆都只是依稀模糊的片段<br/>只看见<br/>那一天的黄昏<br/>你站在街角<br/>远远地，从我眼中一闪而过<br/>循着流浪的风 去到未知的天际<br/>突然想再唱一遍那首为你写下的歌<br/>忽然间,p90
Wherever you will go<br/>Wherever you will go<br/>我想要和你到天涯海角<br/><br/>无论你去哪里<br/>无论你去哪里<br/>只要你开口<br/><br/>Whenever you need me<br/>Whenever you need me<br/>只要你一个眼神<br/>只要你的一个眼神<br/>我都随你<br/><br/>It's not a secret<br/>It's not a secret<br/>所有的语言<br/>所有的表达<br/><br/>You know I love you<br/>你明白我多么爱着你<br/>I just want you to know<br/>我只想让你知道<br/>我会永远为你守候,p90
"从第一天开始，我就一直在等待这个星期天，猜猜会怎么样？<br/>当我和我的朋友们一起庆祝这难忘的一天<br/>我们在Harem?<br/>酒吧和旅店中享受每一个分钟，我依然被称作""女士""<br/>天气太热了，我想变得苍白一点<br/>请帮帮我，老板，我快疯了。<br/>噢，耶！<br/>噢，耶！<br/>从星期六的上午开始，我就一直在计划这次庆祝<br/>我们将会在那里遇见？<br/>你想要现在遇见",p90
心跳的声音响在耳边<br/>仿佛一个遥远的呼唤<br/>穿越所有现实的无奈<br/>用我最温柔的力量<br/>不管雨要多大<br/>不管风要狂<br/>只等你来探听<br/>我隐秘的心跳声<br/>不再觉得任何的孤单<br/>我要让你听懂我的心<br/>我要让你听懂我的心<br/>这心跳的声音<br/>给你倾诉的秘密<br/>不再彷徨也不再犹豫<br/>在你耳边倾诉<br/>给你倾诉的秘密<br/>用我青春的美丽,p90
"为了鼓励世人参与这部电影的录影,许多著名艺人都以他们的歌曲来协助,包括Stereophonics、James Blunt、NSync、Kelly Clarkson、James Morrison、Robbie Williams、Elvis Costello、Kylie Minogue、Dido和Frou Frou。此外，也由Beth Gibbons和Bono合唱了一首”While My Guitar Gently Weeps”。著名的演员亦帮忙录影,包括莱丝莉・艾儿金(",p90
﻿<br/>在这个即将来临的夜晚， 时间令人不安。<br/>一个关于等待着观看时间的家伙的故事。<br/>/最后的航班已经飞走， 他独自留下。<br/>我想走开， 但脚让我留。<br/>我好想好想听听你的声音。<br/>听起来你好像有什么烦心事。<br/>这里的天气，像往常一样。<br/>我不知道我在这里还能呆多久。<br/>/所以我决定今晚在这里过夜。<br/>让另一个夜晚被吃掉。<br/>时间过得像野兽一样快。<br/>我不知道为什么我还在这里。<br/>,p90
"是的,那是真货。<br/><br/>没错,我是你的傻瓜。<br/>这是我们的合奏。<br/>这是我们的歌。<br/>这是我们的一切。<br/>当然我爱你。<br/>当然你爱我。<br/>这是我们相互拥吻。<br/><br/>睡觉的地方。<br/><br/>在你去之前。<br/>嗨,嗨,嗨。<br/><br/>你是我的明星。<br/>我要像青蛙一样跳舞。<br/>直到我晚上回家。<br/>去爱,去爱,去爱,直到最后。<br/>在你去之前。<br/>那该死的海狸。<br/>我敢肯定他的好几天。<br/>“当我",p90
月色柔柔像为你 安排了浪漫<br/>风儿散落着梦的芳香 温暖静静流淌<br/>回味幸福的味道<br/>我想问月亮代表我的心 给你<br/>花香满溢在空中 风儿轻拂着相拥<br/>幸福甜甜融化在眼中 无言体会浪漫<br/>徘徊的夜那么长 一颗心装不下<br/>你给我的这份思念<br/>多少次相约梦中 却再也看不到你熟悉的眼眸<br/>多少次,p90
It was the night before Christmas<br/><br/>我迫不及待想在这新年的夜晚走进'礼物雨'<br/>And all through the house<br/><br/>家里的每一个人都在等着拆开礼物<br/>Not a creature was stirring<br/><br/>死寂一片的夜晚<br/>Not even a mouse<br/><br/>老鼠也不会出来捣乱<br/><br/>The stockings were hung by the chimney with care<br/><br/>长筒袜挂在了壁炉上<br/><br/>In hopes that St. Nicholas soon would be there<br/><br/>圣尼古拉斯很快就会来,p90
没有人是只靠自己成功的<br/>有人说世上充满了孤单的灵魂<br/>但我不这么认为<br/>在我们的一生中总有某个时刻<br/>和某个人彼此需要，相互支撑<br/>我们同甘共苦携手并进<br/>这才是生命的真谛<br/>不管是否信仰相同，言语是否相通<br/>只要守望相助，就能彼此相安<br/>历经艰险 意志依旧<br/>我们有勇气<br/>我们可以迎难而上<br/>共同进退 不负此生<br/>这就是生命的,p90
"第一遍<br/>让回忆飘远,<br/>太阳依然灿烂。<br/>任思念随着微风，<br/>飘散在云天之外。<br/>山盟海誓不变,<br/>誓言还在耳边。<br/>你我早已分散两地，<br/>共度的缠绵。<br/>我们能不能，能不能再相见，<br/>能不能再相见。<br/>我们能不能，能不能再相恋，<br/>能不能再相恋。<br/>让离别在眼前，<br/>泪水悄然滑落。<br/>让过往的一切，<br/>随着泪水流淌。<br/>繁华落尽",p90
"You don't have to be rich to be my girl<br/>你不会必须要富有才能成为我的女孩<br/>You don't have to be cool To rule my world<br/>你不会必须要酷才可以统治我的世界<br/>A smile is like a coin, that s always worth its weight<br/>微笑就像硬币，总是很值钱的<br/>So don't worry if you're not a size zero<br/>所以不用担心，即使你不是零号身材<br/>Baby, come with me.<br/>baby，跟紧我<br/>Don't worry, be happy<br/>别担心",p95
"Take my tears, they have become frozen. 风干我的泪痕，冻住了心。<br/>Take my lips to thaw them out.<br/><br/>我心被冻结，因你的离去。<br/>Take my tears, turn them to wine. 让我泪水化作美酒，重温我生命中的醇甜。<br/>Take my love, it's yours. 请带走我的爱，因为它是你的。<br/>Take the night to sleep. 我的夜晚沉醉在你的梦里。<br/>Take the sun as my guide. 太阳",p95
From：A walk in the nude<br/>I'm walking in the nude<br/>A sinner saved by grace<br/>I'm walking in the nude<br/>A path that is out of the clouds<br/>I'm walking in the nude<br/>A morning in my bed<br/>I said a wake me never in this bed<br/>A weightless worship pool<br/>I've got reason to never sink<br/>I'm walking in the nude<br/>With every side<br/>A walk in the nude<br/>With every side<br/>I'm walking in,p95
我们一<br/>我们一<br/>还没有舞会我们就认识了一<br/>不会相爱太早，<br/><br/>我们都来玩<br/>每个人都还在就觉得我和你<br/>非同寻常的搭<br/>但也不可能是朋友<br/>我们一<br/>没有情歌我们心却要一起来<br/>跳动我们才快乐<br/><br/>beautiful life<br/>oh beautiful life<br/>beautiful life<br/>oh beautiful life<br/>你总是不为过<br/>我自己也陶醉在<br/><br/>美好的旋律里<br/><br/>你明不明白<br/>我想我们都爱了<br/><br/>,p95
让我送你<br/>往遥远天边<br/>那星星闪闪<br/>的孤单城堡<br/>又再远远地<br/>凝望我这方向<br/>忘了分开那一天<br/>只想和你重演<br/>彷佛那天<br/>侧着脸<br/>迎着风<br/>仿佛听<br/>你再说<br/>你爱我<br/>从过去到以后<br/>还是没改变<br/>就是不变的<br/>像那海龟<br/>潮来又潮往<br/>幸福要慢慢<br/>酝酿<br/><br/>穿过时光的声音，心跳的频率，<br/>永恒,p95
家乡的朋友您还好吗 是否已忘记身在他乡<br/>不要相亲相爱想我 也不必寂寞和惆怅<br/>不管日子怎么忙 不要失去笑容<br/>快乐永远伴在你左右<br/>家乡的朋友您还好吗 是否已改变儿时的模样<br/>不要离家太久在外 不要让我牵挂和惦念<br/>你们就要有个家 不要忘记爹和娘<br/>长夜饮泣寒风中<br/>家乡的朋友您还好吗 是否已改变儿,p95
你要你的妈妈吗？<br/>不，请不要。<br/>我的妈妈她很好。<br/>她一定是在现场。<br/>看，当爸爸走了，<br/>你可以保证<br/>因为一个巫婆刀在她的鬼魂。<br/>你也一样，女巫。<br/>不可能的。<br/>我有我的卢克·天行者，好吗？<br/>现在我会很快乐的。<br/>到了深夜，<br/>有了他们的蛇，<br/>他们的蝙蝠和他们的眼珠子。<br/>和一个泥炭火坑。<br/>泥炭火坑。<br/>夫人，不是这样的。<br/>什么？<br/>我说泥炭火坑,p95
怀念是一种病<br/>刘蓝溪，蔡蓝钦<br/>演唱<br/>偶而我会想起他<br/>想起我十七岁不快乐的夏天<br/>我穿过蓝色木槿花篱的<br/>高中校园<br/>会想起<br/>军训完的那个晚上<br/>一堆人往海边狂奔<br/>等待烟火升空<br/>会想起<br/>你忽然拉起我<br/>滑过木兰花床单<br/>会想起<br/>你被寝室同学追打<br/>我帮你跑进男厕,p95
'This is for the grass<br/>我们都要向草致敬<br/>That roots you when you're ground down 让我们定名为那株草吧<br/>Like the ocean it washes you 就像冲浪者在海里<br/>Rising from the thunder's mouth 一直冲向电闪雷鸣<br/>It may break you down and batter you 也许它击碎了你<br/>But it holds you fast forever yet 却将你环抱到永久<br/>And the loves of this earth 他心爱的一切<br/>,p95
"我在天上<br/>你在地上<br/><br/>我要寻找<br/>你的每一寸肌肤<br/>i am in heaven, you are on the earth<br/><br/>i'll find out every part of your body.<br/><br/>你好象在天堂<br/>而我在地上<br/>you are in heaven, i am on the earth<br/><br/>i want to be with you...<br/><br/>我喜欢你的全部<br/>我好象在天堂<br/>而你在地下<br/>I like you totally<br/><br/>i am in heaven, you are on the earth<br/><br/>I will put my arms around you...<br/><br/>我好",p95
东京一○一<br/>那天夜里，<br/>我打开窗，<br/>风　吹过那条街，<br/>想起你曾对我说，<br/>要离开我，<br/>才突然发现自己太冲动，<br/>而我　并不是他。<br/>第一次爱的人　他的坏　他的好，<br/>却像空气　挥不去　很自然，<br/>已经变成　一种戒不掉习惯，<br/>在冬夜里　军刀放在枕头旁，<br/>在梦里　哭过好几回。<br/>第一次吻的人　他的坏　他的,p95
轻轻走在海边的路上<br/>风儿吹过我的脸庞<br/>我也曾经<br/>深深爱过一场<br/>可是现在我的内心没有了方向<br/>前方不远处就是她的住处<br/>我要到那去给她说一声<br/>我爱你<br/>我爱你<br/>我爱你<br/>全部心都属于你<br/>你是我生命的希望<br/>今生今世我只想爱着你<br/>亲爱的只想告诉你<br/>我爱你<br/>我爱你<br/>我爱你<br/>我爱你<br/>我爱你<br/>我爱你<br/>轻轻走在海边的路上<br/>风儿吹过我的脸庞<br/>,p95
"There's a place far away from here<br/>那里的景色很美<br/>Where you don't have to be afraid<br/>她不愿再回来<br/>But the monsters go, They don't wanna play<br/>妹妹跳舞吗<br/>I'm just a man on a mission here<br/>我还有其它的事要做<br/>Which is to say you were not invited<br/>不知地平线上<br/>No, it is not an invitation<br/>布着一种神秘色彩的云彩<br/>It's better on my own<br/>我宁愿一个人<br/>Somewhere I",p95
Three Coins in the Fountain（泉水的传唱）<br/>1855年，当时这首歌还没有名字。据说是潦倒的创作歌手谭马克·詹金森（Tennessee Jenckins）在朋友家闲聊时信口吟出。最早，从1920年开始这首歌的歌词就略有不同，1939年，新墨西哥的原子弹试爆时，当地的观众听到的版本是这样子的：“三个银币落入喷泉，谁能再给我三个呢？我会再抛三次,p95
"Tom:<br/><br/>如果你曾经爱过我，那为什么你离开我？<br/>你知不知道我多爱你？<br/>Did you ever love me?<br/>When did you let me go?<br/>Why did you leave me there?<br/>When did you let me know?<br/>Know?<br/><br/>Joan：<br/><br/>如果你曾经爱过我，那为什么不停留片刻<br/>让我们相爱<br/>噢，为什么你离开我而去？<br/>Did you ever love me?<br/>Why did you leave me there?<br/>But if you love me like I love you,<br/>",p95
（中文）<br/>你在哪里<br/>走开<br/>你求我让你离开<br/>因为你不想当垃圾<br/>要我回去以前的世界<br/>对于你来说是个好主意<br/>我迷失了<br/>就这样<br/>这不是我要的生活<br/>以前被围绕，如今一个人生活<br/>我曾经在高处<br/>如今我明白了<br/>我并没有那种天赋<br/>今天又失败了<br/>主啊，又一次失败了<br/>哦，又失败了<br/>谁也不能阻止我<br/>我的路要怎么走<br/>如果我拼命努力，那是为了,p95
"Where have you gone my love? 我的爱你在哪里？<br/>Where have you gone my dream? 我的梦想你在哪里？<br/>I looked for you in every corner of my room 我在房间里的每个角落寻找你<br/>From morning to noon 我从早上到中午<br/>From noon to midnight 从中午到深夜<br/>Now I'm tired, and I don't know where you are 现在，我疲倦了，我不知道你在哪里<br/>Where have you gone my love? 我的爱你在哪里？<br/>Where have",p95
那年 我为你种下了满园玫瑰，只为你能在芬芳中与我相遇。我期待 幸福很简单，你守着我 过简单的生活。<br/>十年了，我们一直守着那片玫瑰园过简单的生活，静静的等着，期待着下次你我的相遇。却不知在这十年中，一切都变了。<br/>十年前，你娇艳的身影仿佛就在眼前。<br/>只是那时的我 追寻着诗与远方 而你守着呆板的生活。<br/>,p95
你不知道我今夜无法入睡 只因昨夜你我相逢在梦里<br/>深深记得你依偎在别人的怀里 而我却将你拥入我的怀里<br/>我不知道我今夜无法入睡 只因昨夜你我相逢在梦里<br/>深深记得你依偎在别人的怀里 而我却将你拥入我的怀里<br/>END,p95
如果你是痛苦，我会微笑忍受。<br/>如果你是悲伤，我会用温柔照明。<br/>如果你是迷惘，我会陪伴你去。<br/>如果你是顽固，我永远和你说话。<br/>如果你跌倒，我扶你站立。<br/>如果你有罪，我替你承认。<br/>如果你是慌张，我会抚平你的紧张。<br/>除了我之外，你还有谁？<br/>你的灵魂又在哪？<br/>如果你不明白，我不管，因为我不关心。<br/>我只问你的话；如果你愿意就说。<br/><br/>这首歌曾被选为“,p95
自暴自弃走过死荫的幽谷<br/>孤单的日子 身旁没有你照顾<br/>清楚你那目光 在鼓舞着我向前方走<br/>从前在老家的时候 蓦然回首<br/>是个弱不禁风的小子<br/>风吹雨打锻炼着我意志<br/>不管有风还是有雨 不管有崎岖的路途<br/>我都会靠着我心中的三宝<br/>拿出家传的神刀宝剑<br/>不再为一些琐碎小事烦恼<br/>不愉快的事 不会再,p95
"我不要做情圣，你却喊我作歌王，<br/>我自己也很彷徨，究竟我怎样对你，<br/>我不要你跳舞，你也叫我别出江郎才尽，<br/>我自己也不清楚，究竟我想怎么对,<br/>我爱你，却又叫你不要爱我，<br/>我没有勇气，将自尊全放下，<br/>想你，就连天南地北，<br/>虽已很理智，也毫不珍惜；<br/>当抛不开虚幻的爱，<br/>看见你真泪眼盈眶；<br/>隐约",p95
为什么<br/>会这样<br/><br/>两个人的结局<br/>我已来不及逃开<br/><br/>怎么才会明白<br/>相爱并不容易<br/>我要鼓起多大的勇气<br/>这样才能把过去释怀<br/><br/>看在那些幸福开出花朵的时候<br/><br/>在恍然过后<br/>才知道<br/><br/>原来我已不能再爱<br/><br/>是因为我<br/>不够勇敢<br/>贪图他给的温暖<br/><br/>才会沉沦在他的港湾<br/>泪水代替了你的离开<br/>有什么办法<br/>我不该这样沉迷和忘返<br/><br/>或许,p95
世上只有妈妈好<br/>有妈的孩子像块宝<br/>投进妈妈的怀抱<br/>幸福享不了。<br/>世上只有妈妈好<br/>没妈的孩子像根草<br/>离开妈妈的怀抱<br/>幸福哪里找。<br/>没有妈妈最苦恼<br/>没有妈妈就断肠<br/>为了找妈妈流浪四方。<br/>现在我有了妈妈<br/>我的妈妈最伟大<br/>妈妈的话儿记心上<br/>走遍海角和天涯。<br/>世上只有妈妈好<br/>有妈的孩子像块宝<br/>投进妈妈,p95
我知道今晚无法逃避<br/>我必须承诺<br/>爱与激情<br/>-<br/>-<br/>-<br/>-<br/>-<br/>-<br/>-<br/>-<br/>-<br/>-<br/>-<br/>-<br/>-<br/>-<br/>-<br/>-<br/>-<br/>-<br/>-<br/>-<br/>-<br/>-<br/>-<br/>-- 本字幕所有权益归制作人所有 纯属翻译爱好者交流学习使用 谢绝它用，否则一切后果自负<br/>-<br/>-<br/>-<br/>-<br/>-<br/>-<br/>-<br/>,p95
醒来<br/>如此忧郁<br/>在这黄色的阳光下<br/>多么慈祥的阳光<br/>多像他们明亮的笑容<br/>我张开双眼<br/>又过一天<br/>你叮咛的细语在我的身边<br/>我感到你的手指搭在我的鼻上<br/>告诉我那是 你的双臂<br/>在搂着我的肩<br/>对我说，我爱你<br/>我爱你<br/>你的亲吻是不是甜美如糖<br/>你的拥抱是不是暖和如火<br/>你把冷风吹进我的心 我开始颤抖<br/>,p95
我跟你一起生活，我照顾你不放手，你跌到的时候<br/>我一定在你的身边保护你<br/>你得的病要不能走，我一定紧紧抱住，因为你是我 爱的真的不得了<br/>有天我发现我的脾气开始收起<br/>不再是，对你生气，只是笑笑帮你擦眼泪<br/>不再对你乱发脾气<br/>只想你爱死我，<br/>不想你跟别人生气<br/>不想别人失去你，<br/>我宁愿你的病全给我<br/>有天我发现我的脾气开始,p95
我骑著摩托车<br/>无视路上其他车辆<br/>呼啸在公路上<br/>想感受速度快感<br/>风从耳边吹过<br/>路上奔跑的车辆都超不过我<br/>车轮转动得飞快<br/>摩托声听起来好小<br/>不过我的心却太过快<br/>有的想法没办法抑制<br/>驶向街道的各个路口<br/>尽情的飞驰在马路上<br/>没有时间去烦恼<br/>无论何时也都能直接<br/>理所当然的说出想法<br/>烦人的家伙直接说不,p95
（翻译：<br/>张晓澄）<br/>如果我问你有什么事<br/>我过得不好<br/>这是我唯一的回答<br/>生活怎么总是这样的怪诞<br/>让我无心关心未来<br/>未来<br/>让我们走走看 如果结果依然无望<br/>我会带着你远走高飞<br/>我们躲在蓝天白云里<br/>展开翅膀自由翱翔<br/>你不要太多怀疑<br/>这样你就会自由<br/>每当你低头 对你的世界视而不见<br/>你就无法飞翔<br/>你不知道哪里是哪儿<br/>带着你的,p95
是时候，拉开窗帘<br/>看看外面的世界<br/>陌生的人，陌生的脸<br/>难道这是我自己<br/>爱已不能，继续传递<br/>多少次，想回头<br/>多少次，告诉自己<br/>渐渐感觉，无路可走<br/>无能为力，挽留你走<br/>多少次，想回头<br/>多少次，告诉自己<br/>渐渐感觉，无路可走<br/>无能为力，挽留你走<br/>告诉自己<br/>多少次，想回头<br/>告诉自己,p95
当你离家时 你先轻轻吻她面容<br/>然后转过身去<br/>然悄悄而去<br/>那就不会太突然<br/>但你心碎了<br/>当你已经拥有你未曾想要的东西时<br/>当命运拿走你曾珍惜的东西时<br/>她明白事情已经发生<br/>当你外出时 像所有的那些少年人<br/>她一直守候她不理解的事<br/>直到破晓时分<br/>他知道他已失败了<br/>当你的少女已经长大<br/>她不会再等候而开始她自己的人生,p95
Oh Amber:<br/>噢，阿伯<br/>An ocean deep and wide<br/>浩瀚的大海<br/>To change my narrow mind<br/>用辽阔的心胸去迎接挑战<br/>Then maybe I can be<br/>然后也许我就可以了解<br/>Part of your wide open life<br/>你自由宽广的世界<br/>I wanna hold on to<br/>但我想要留住<br/>All the love we made<br/>我们所构建的爱意<br/>Wanna feel the joy and sorrow<br/>我想体验你我所有的喜怒哀乐<br/>,p95
"手をつなごう ／ 手牵手<br/>Let's Get Together Right Now,／此刻让我们相聚<br/>Show Me What's On Your Mind,／展现你的热情<br/>Come On!<br/>Come On!<br/>／ 来吧!<br/>来吧!<br/>Let's Break Out!<br/>／ 现在就释放!<br/>Wanna Get High?<br/>／ 追求更高?<br/>Free Your Soul ／ 释放你的灵魂<br/>Let Me Know!<br/>／ 让我知道!<br/>I Need a Woman to Love ／ 我渴望着你的爱<br/>手",p95
I got your letter today<br/>今天我收到了你的信<br/>Of course you can come this way<br/>当然你可以走这条路<br/>I hope you like the place I went<br/>我希望你喜欢我去的地方<br/>With words I cannot speak<br/>因为我不知道该说什么<br/>All I can tell you is this much<br/>我能告诉你的只是这些<br/>And I would not give you this song<br/>我不想给你这首歌<br/>If I did not think you could<br/>如果我没想到你能<br/>Make it your own<br/>把它变成你的歌,p95
请别让她走， 告诉她，一定要等，<br/>除非她的心 对你死心塌地，<br/>除非她的心 对你死心塌地，<br/>说完， 他变了脸色， 举起他的手。<br/>这是他没有梦想的女孩。<br/>如果这女人不回来，<br/>他将是 永远在寻找。,p95
白色的鸟儿在枝头叫，华年渐去，我们不再挥霍；<br/>人要长大，没有办法，只好默默去接受。<br/>是谁说，少年无忧虑，不害怕明天？<br/>是谁说，岁月那么长，好多梦，放心上？<br/>是谁说，什么人间天堂，什么爱情，理想全都会实现？<br/>起风的日子，真想念那一段阳光灿烂。<br/>长大后的我，走进一个人人假装快乐的世界，喧哗的城市,p95
让泪水...<br/>...<br/>流下来吧<br/>人的眼泪也是有区别的，感伤的悲伤的快乐的<br/>很多时候，人们等得累了，眼泪就会自己流下来，所以“泪水忍不住在眼眶里打转”，就是这个道理<br/>另，“泪水”也可以指笑出来的眼泪。某人说“人鱼公主的笑容是天使的笑容”，其实，那是泪水吧。<br/>过去的人，据说一生只哭2次（但也有说法,p95
他说<br/><br/>好久不见，你好吗？<br/><br/>他说<br/><br/>你过得好吗？<br/><br/>我好，不过<br/><br/>我老了好多。<br/><br/>他终于说<br/><br/>好久不见，你好吗？<br/><br/>他说<br/><br/>你过得好吗？<br/><br/>我好，不过<br/><br/>我说谎好多。<br/><br/>如果当初你没有选择和别人流浪<br/><br/>现在的你，会不会就是我身旁。<br/><br/>如果当初我没有放开你的手<br/><br/>现在的你，会不会躺在谁的温柔里。<br/><br/>也许当初有一点任性<br/><br/>这份爱，才会那样的被,p95
大姐 我看到你难过<br/>总以为全都是我的错<br/><br/>直到你带着眼泪跟我说抱歉<br/><br/>为了你 我学会沉默<br/>自己开始忏悔 没什么<br/><br/>别害怕 我会帮你撑<br/>也相信你 一定做得到<br/><br/>我不再难过 因为你也不能<br/>因为你觉得难过<br/>就自己扛着吧 坚强一点<br/><br/>因为觉得难过<br/>一个人去经历吧 勇敢一点<br/>我可以重新来过<br/>每次你情绪失落 陷入低潮<br/><br/>我会像个人说 放下,p95
天空刮起了什么风 寂寞像阵烟<br/>不经意的交错眼神 笑意在心头<br/>我前方的路在摇晃 你像太阳光<br/><br/>牵着我的手 要我们一起走<br/>迎着风也要自由 一起高飞<br/>Baby give me 依赖你的臂弯<br/>Baby tell me 告诉我爱永不完<br/>Baby hold me 在我的天空画一道彩虹<br/>Baby love me 我就会是你的永远<br/>I love you 无论友情或爱情<br/>像杯咖啡,p95
十一月的雪<br/><br/>我已疲倦却不能入睡<br/>我的眼睛因哭泣而干涸<br/>就要像那坚强的玫瑰<br/>在暴风雨来临前<br/>抖掉她繁枝上最后的雨水<br/>深秋在风雨中飘落<br/>我闻到泥土中暴风雨的味道<br/>心里害怕<br/>渴望逃脱这被深掩的坟墓<br/>又是一个可怕的晚上<br/>在这孤独的十一月<br/>寒冷的风吹<br/>饥饿的乌鸦已在远处<br/>深深的哀嚎<br/>,p95
在路上<br/>美国有一个传说<br/>不倒的苹果树<br/>所有寻找爱的人<br/>都知道这个传说<br/>不倒的苹果树<br/>在传说中， 有个人为了寻找真爱， 一路上，他跋山涉水<br/>经历了，一无所有<br/>遍体鳞伤的痛<br/>不怕遇到任何艰难险阻， 直面每一个挑战<br/>因为他相信，不倒的苹果树<br/>只有找到真爱<br/>才能得到永生<br/>如果你听到， 苹果树被风吹雨,p95
曲名《你的歌》<br/>歌手：杨丞琳<br/>你是谁的英雄<br/>悬念会不会<br/>让故事更改<br/>我也像开始期待<br/>谁出现带领未来<br/>你给了<br/>最初的讯号<br/>在熟悉的路口<br/>目送着<br/><br/>我们的<br/><br/>旅程<br/>飞扬的梦<br/>白色的羽毛<br/>让你的歌<br/>充满力量<br/><br/>还依稀记得 每次伤过 就拼命发狠<br/>让自己成长<br/>又在下一个 路口 勇敢得倔强<br/>又像那年一样,p95
如果不能和你一起<br/>我活着还有什么意义<br/>也许我会孤寂的离去<br/>我不会哭泣<br/>如果有幸能有你相伴<br/>为了你的承诺<br/>我已等待了很久<br/>哦阿莉弗<br/>我祈求上天<br/>最终能和你同在<br/>如果我不能和你一起<br/>我活着还有什么意义<br/>也许我会孤寂的离去<br/>我不会哭泣<br/>如果有幸能有你相伴<br/>为了你的承诺<br/>我已等待了很久<br/>哦阿莉弗<br/>我祈求上天<br/>最终能和你同,p95
Hello，my friend<br/>我们一直在路上走着.<br/>遇见一个陌生人.<br/>我们一直相聚在此.<br/>看来我们还会在此相遇.<br/>是怎么回事.<br/>我不知道谁在欺骗我.<br/>他变得很遥远.<br/>他变得很遥远.<br/>Hello，my friend<br/>告诉我你能理解.<br/>我们还不能熟知彼此.<br/>我们离真相还很遥远.<br/>需要确定你我所见.<br/>是那么真实.<br/>是那么真实.<br/>Hello，my friend<br/>告诉我你难道没有明白?<br/>我们还不能成为相知的朋友.<br/>,p95
Mother Father I love you<br/>难以言喻，要说我爱你母亲父亲<br/>But it's the truth 虽然事实是如此<br/>我爱上一个巨人的姑娘<br/>我也知道，因为我爱她，<br/>而她，对于我来说，像个巨人<br/>可我也知道，爱是我的自由，<br/>你是我生命中的巨人<br/>你就如我母亲一样<br/>对不起，我不能停止<br/>因为我被爱冲昏了头脑<br/>我无法承受打击，<br/>但如果你叫我走，我会的，<br/>我不会想要做你的负担<br/>,p95
那一天早晨<br/>我心中充满悲伤<br/>当我走出门口<br/>我心在泪流<br/>外面的世界显得<br/>更混乱更疯狂<br/>我知道我只能让你一个人<br/>我走到昏暗的走廊<br/>不知道何去何从<br/>当大门在哭泣的时候<br/>新的一天来临<br/>我知道我知道我知道<br/>我能做的只有让你<br/>让你离开<br/> 让你离开<br/> 让你离开<br/>当我带者满身伤痕<br/>离开这个伤心之地<br/>当一个错误已经发生的时候<br/>是时候作出决定,p95
"""我们也曾年轻美丽<br/>也曾做过梦<br/>我愿嫁给你<br/>就像脚上的鞋<br/>不在乎它是否美丽<br/>只要合脚<br/>但梦想终于破灭<br/>现实的真实<br/>促使我犯下了罪<br/>你的心不再害怕失去<br/>那不再是我的天<br/>我的爱<br/>求你<br/>去<br/>走吧<br/>你丈夫爱你""<br/>（歌声）<br/>（男声）我用钱买了一个妓女<br/>她是我妻子<br/>我们曾经是非常亲近的<br/>非常亲近<br/>",p95
A thousand kisses sooner<br/>Than one word goodbye<br/>我会把千个吻 说成Goodbye之前 犹豫一个字<br/>And then after all is said<br/>和说完之后一切 留在脑里<br/>You'll wake up and find<br/>你会感觉到 你会醒在什么地方<br/>That one thousand kisses means more<br/>千个吻包含更深的意义<br/>I'd give up all I've ever dreamed<br/>There's nothing more I'd like<br/>I'd do<br/>我更愿放弃所有心中的梦想，,p95
"有几次, 我行走在风里<br/>有几度我以为到达光辉高点<br/>在同样的时间 你亦有这遭遇<br/>每当我在坚持之际 骤眼间, 那霎那, 所有事付与流水<br/>让我暗黑世界 再再一次受到打击<br/>每次失望 每次失意 每次不敢述心中的志<br/>在这忧愁的黑森林 是我找不到一丝光线<br/>看深山又看峡谷 也寻不出生命的那缺口<br/>停下吧 向深处望 让我",p95
仿佛身体已熄灭火焰<br/>而且渐渐融入烟雾之中<br/>心中的热情<br/>难道已经干涸<br/>我真的很困惑不解<br/>我曾为之倾注了满腔热情<br/>天真地相信着<br/>与梦中的她会在一起<br/>但最终还是发现自己是个<br/>毫无存在意义的人<br/>或许我不会失去希望<br/>情愿放弃一切我身外之物<br/>此刻想起了当日的她<br/>并再次深深坠入了爱河<br/>但我又能做什么<br/>人生过得很充实<br/>偶然忆,p95
我不曾犹豫不前<br/><br/>我在哪儿，就得去哪儿<br/>这里马上就会没得了<br/>那里不适合于我，我不会躲藏。<br/>为什么你一直都不会承认<br/>这么长的时间以来，我有多么 累么<br/>我不想隐藏什么<br/>你不能就这么走开。<br/>我要说出来<br/>那天，我那么对你<br/>如今，我知道<br/>我还可以重获你<br/>如果你想要找那些快乐的事情<br/>就去找吧，亲爱的，尽管去做。<br/>想着我是你的依靠着 我所有的梦在你的,p95
目眩時更要望向遠方<br/>因為會找到甚麼<br/>孤單時想一想<br/>只想與你再相見<br/>於心內 khởi tình quê hương<br/>我會當你是我的可信任的朋友<br/>不必說話也知你心意<br/>明日的事怎會知<br/>讓我共你<br/>自然傾訴<br/>心常於<br/>遠處<br/>倘今天能與誰攀過高峰<br/>毋用道別也心傾<br/>那怕倦透也不會<br/>自覺孤單<br/>,p95
"Old Lang Syne – Yuzo Koike，岩城忠雄<br/>What new years’ day in the old-lang syne,<br/>That brings this hour of sadness to me?<br/>Can we leave all the sadness behind?<br/>Will we stay here forever?<br/>Can we leave all the sadness behind?<br/>Will we stay here forever?<br/>Nothing has changed so far,<br/>I see the same buildings, the streets the same too;<br/>Do you still remember,<br/>These gardens of spring and rose trees that blo",p95
我的那芳心，已系在你的双手<br/><br/>我的一片真情，已烙在你的心窝<br/><br/>我比谁都清楚，我那痴情的心<br/><br/>第一次为你担心，是把你独自留在家里<br/><br/>夜晚里一个人的时候，见到你一人孤孤单单<br/><br/>心里觉得好凄凉，真想身边有个你<br/><br/>可当我当面说起这件事，你却说这是自然<br/><br/>真叫我心情复杂，只好转脸伤心地离开<br/><br/>请让我来编织,p95
几天前　我对天空说<br/>我只有藉着说声再见<br/>才能够走开<br/>连这么简单的事情<br/>我都做不到<br/>我怎么能够对自己交代<br/>昨天以前我是这样的人<br/>今天我可以做我自己<br/>花儿开了　还有鸟儿的歌唱<br/>风儿吹着我们　我们的故事怎么开始<br/>回忆是花儿，香味是疲惫<br/>所有的花儿都一样　只要能开得美丽<br/>曾拥有的就该要珍惜　这是我对待生命的体会<br/><br/>昨天的眼泪,p95
"Hi！你好吗？<br/>I'm fine, thank you!我很好，谢谢你！<br/>How are you?你过得好吗？<br/>I'm fine, thank you.我很好，谢谢！<br/>And you?你呢？<br/>My name's Jin Zhen.我的名字是金真。<br/>Mine's Piao Shan.我的是碰山。<br/>where's your family?你家人在哪？<br/>Thank you.我谢谢。 <br/>Thank you.谢谢。<br/><br/>Where are you going to?你要去哪",p95
"When I was young, I heard about the wild North country,tales of adventure, of gold beyond the Blue Mountains。But the voices in my head would lead me no further than the South Dakota border。i was to busy listening to the radio of my daddy。<br/>When I was young, didn't know what I didn't know。so young, that playing to the radio was just as good as all those wild trips I wasn't taking。<br/>All those years were filled with songs of teen angst。",p95
制作人：杜自持<br/><br/>填词：林夕<br/><br/>作曲：黎允文<br/><br/>编曲：卢东尼<br/><br/>每次见到你之后<br/><br/>我做过所有事都像在通电<br/><br/>每通一次都让我<br/><br/>有点快被烧完的感觉<br/><br/>还是喜欢你一些些<br/><br/>最好是刚好<br/><br/>始终惨得都不够多<br/><br/>我想我已经爱上你了<br/><br/>不管我算什么<br/><br/>总是被爱的人比较幸福<br/><br/>让我做你的天使<br/><br/>你的专属玩具<br/><br/>没了我你怎么玩的开心<br/><br/>没,p95
Boy meets girl on the sly.<br/>女孩招摇撞骗遇见男孩<br/>Boy thinks he's heaven-sent.<br/>男孩觉得自己受上帝赐福<br/>But little does she know that he has AIDS<br/>但她不知道他有艾滋病<br/>And boy must lie to girl<br/>男孩必须告诉女孩<br/>Or she will never be his.<br/>或者她将永不能成为他的<br/>And girl must lie to boy<br/>否则她永不能成为一个他的<br/>And tell him nothing has changed.<br/>她必须告诉男孩 她说一切都,p95
I think I got to see you<br/>我不得不见你face to face才能了解have to meet you<br/>- But I won‘t get too close (close)<br/>- I don’t want to get<br/>我不会去太近-我不想远离too close<br/>- so<br/>- I won‘t get too close<br/>(close) me too close<br/>- don‘t get too close- I won‘t get too close<br/>亲爱的，我真的需要见你face to face<br/>但我不想太过靠近 你我是两个,p99
今天去机场送机 机场送给我开心 [1<br/>-4]<br/>今天去机场送机 机场送给我开心<br/>望着你的背影，我在心里许下心愿 [1-4]<br/>回家的路途中，再也不要回来<br/>看着远去的飞机，我简直太开心 [1-4]<br/>再见，爱人，再也不要回来<br/>回去吧，幸亏我早有准备<br/>事实上，我还没来得及准备好 [1-4]<br/>虽然我假装面带微笑，,p99
专辑:<br/><br/>Imagine - John Lennon<br/>专辑： Imagine - John Lennon<br/>纯粹的声音<br/>完美的旋律,p99
Lucy<br/>穿行于你的影子间<br/>探索着山脉与山谷<br/>浮现某段日子的幻影<br/>那里阳光灿烂，是夏季<br/>一直朝着夏天走<br/>巨浪拍打着礁石<br/>一阵一阵<br/>这座城市花草鲜艳<br/>如你我般鲜艳<br/>人们追寻着自己的梦想<br/>每个人期待明天的幸福<br/>让我们停留在回忆中<br/>停留在这幸福的瞬间<br/>幕终了<br/>一千天快乐<br/>玩笑仍旧开去<br/>你能否感觉,p99
为什么我会觉得你比较好<br/>每天看着你的微笑<br/>你拥抱的温度好温暖<br/>想快些 一起 跳进你的未来<br/>为何我会有一点不在乎<br/>看见你和她聊天<br/>聊的内容却没我的份<br/>为什么我会有一点孤单<br/>难道是我没有优点<br/>还是你不在乎我<br/>你 到底喜不喜欢我<br/><br/>只想你对我好 从来不要求<br/>快把你的心交出来<br/>快告诉我我重要<br/>最怕你沉默寡言 默不作声无动,p99
听听海浪的声音<br/>你能在这个早晨发现什么<br/>还有天空寻找一个象，好象星星<br/>你问我自己<br/>你真的相信这个<br/>不知道明天会否下雨<br/>不知道明天是否应该再等下来<br/>不知知道应该离去，因为这个地方的手不再<br/>没有人再需要它<br/>有人沿路走来，住在我旁边的房子<br/>人说话很少，听接近伟大的打孔<br/>仍在生命的声音<br/>他们在感情方面，什么也没有做<br/>即使在生命的声音仍在发出<br/>唱这首歌,p99
为何泪水寂寞的<br/>流在我脸上<br/>为何阳光孤独的<br/>照在别人身上<br/>在你的眼里<br/>我到底算什么<br/>梦醒了我<br/>所有被误解的情怀<br/>都无法再解释还清<br/>难道知道我难过你才故意放纵<br/>难道早就设计把我当成爱的玩偶<br/>难道连一点点<br/>还拥有的机会都不给我<br/>我们就这样<br/>结束了吗<br/>泪水寂寞的流在我脸上<br/>阳光孤独的照在别人身上<br/>在你的眼里<br/>我,p99
"I love you, I love you  我爱你，我爱你。<br/>Listen to what I say  听我的话，<br/>Don't make me promise things so I can't break  别让我承诺许多事情，哪样我便无法坚持,<br/>Cause I can't even make a vow forever  因为我无法许下诺言直到永远，<br/>Then break it, then break it, then break it all the time.  然后违背，违背一切，违背所有时间。<br/>I love you, I'll take the pain  我",p99
当-这个世界太拥挤，<br/>要当我们很相识<br/>时失败<br/><br/>当-没有人肯定<br/>你和我在一起，<br/>又怎么跟你道别<br/><br/>当-秒针转动<br/>提醒着我们的距离<br/>匆忙已经占据<br/><br/>我想：试着去好好<br/>或许对-方才有可取代<br/><br/>不：感觉再好好<br/>也许？-难道对<br/>现在更加不公平<br/><br/>坏：没有不好？<br/>-也许我们都认为还是坏 的好<br/><br/>当-电影刚开始<br/>就决定了我们<br/>,p99
"Oh it's just too tough, just too tough, this stuff<br/>There's just no easy way to rhyme religion And politics And it's indigestible<br/><br/>它太痛苦了! 这种事情 太痛苦了<br/><br/>没有简易接近的方式 宗教和政治<br/><br/>太难以消化了<br/><br/>I'm sick and tired of both sides Pushing their buttons and blowing up my cell<br/><br/>我和累了 双方都推自己的按钮 还是爆破我的手机<br/><br/>And I don't know which one is more annoying A god that wants me to",p99
在我家旁边的<br/>一个小镇<br/>有人忘记了 那是什么名字<br/>人们走的都是<br/>相同的一条路<br/>迎接他们的<br/>都是同样的故事<br/>每当他们经过的时候 我会跟他们说话<br/>但此刻一个陌生人行近<br/>想要买下我的宝贝<br/>想想你一定会说<br/>不 不<br/>但是那天我没有懂得相信自己<br/>我问为什么不卖 因为已经厌倦<br/>你过来这边<br/>看看我 现在还有什么<br/>我要卖掉这个 宝贝<br/>放下你的嗓门 听听他们怎么说<br/>,p99
给我一个角落<br/>让我可栖身<br/>别回来探访<br/>让我好好痛哭<br/>以泪洗我已碎的身<br/>痛需要医<br/>但我却怕倾诉<br/>没法自救<br/>叫喊需要被听<br/>难道你看不出来<br/>不懂童贞光<br/>不懂童贞光<br/>谁醒觉夜已过<br/>一知半解遍体伤<br/>极可怜<br/>若黑暗中有所失<br/>谁人可重得天光<br/>冷凝了破碎的身<br/>谁,p99
天上的星星<br/>地上的眼睛<br/>没有一种爱可以是<br/>永远的占有<br/>曾经以为<br/>你是真的爱我<br/>如今依旧以为<br/>你是真的爱过我<br/>要是从没爱上我<br/>要是从没爱上你<br/><br/>我可以无所谓<br/>只要我没发现<br/>你欺骗之前<br/>我狂妄过的心已经被你侮辱<br/><br/>星星点灯 让爱来<br/>洗礼<br/>星星点灯<br/>为了亚细亚<br/>黑夜越黑<br/>我心越红<br/><br/>你看着我<br/>有没有一些<br/>舍不得的,p99
遍地开花不是花，一夕之间已铺锦，<br/>只要伸手摘花，世界分秒会粉碎。<br/>心中想来想去，明天去做还不错，<br/>只要一息尚存，依然没有太多日期。<br/>勿让仇恨缠身后，你与我你会懂，<br/>不欢而散总比互相折磨要好得多。<br/>一眼便可看破，脑中思想什么?<br/>早已失去只需等待也不错，<br/>闭上眼睛看到空白，睛睛在凌晨于已失火，即使,p99
做个洒脱的人 拥抱寂寞<br/>爱上你我没有错<br/>想你的每个夜 泪湿了温柔<br/>纵然灭了心中的火<br/>我还是无怨无悔<br/><br/>做个洒脱的人，随遇而安<br/>爱你千遍也不厌倦<br/>为你守着这份情<br/>任凭时光散了再聚<br/>不让誓言变暗变淡<br/><br/>做个洒脱的人，忘记忧烦<br/>爱上你我没有错<br/>岁月任人再偷取<br/>挽着你的好梦,p99
当火车开往莫斯科的时候 我就知道了<br/>当警察给我们发证的时候 我就是党员了<br/>但是我还是探问你<br/>在塑造党的时候在整编的时侯<br/>望你的目光在我的脖子上停留半秒钟<br/>甜蜜的教义化了你的心<br/>唱起我们的“上帝拯救我们”和主在一起<br/>不要害怕靠近圣杯<br/>当太阳升起的时候<br/>在法庭上对我的判刑过程中我有点困惑<br/>我想 把所有的犯人交给 党或者庄严的法庭<br/>就在,p99
黄昏的夜总是凄凉，细雨伴随落叶飘荡。脚下的路该向何方，昨夜的梦是否辉煌。看满地的黄叶，落上了灰尘， 身边已荒芜了，眼泪已干枯而坠，曾经的笑又该向谁展示。天堂的门口已守卫着忧伤，教会主堂依然在开放。一切圣经的记载早已经遥远。现在靠什么来遵守，她依然在那个角落。,p99
我们最初的梦想，一起走到的地方<br/>这么美丽的青春哪<br/>一路的风雨我们一起走过<br/>回忆我们最初的梦想<br/>最初的梦想 紧握在手上<br/>最想要去的地方，怎么能在半路就返航<br/>最初的梦想 绝对会到达<br/>实现了真的渴望，才能够算到过了天堂,p99
チャイナ國のデカった都<br/>インドネシアンパークに映った<br/>シャムトンの絵も融けた<br/>ビルはフリズが君を捕った<br/>20thクローネの恋を完結した<br/>女房としての爱情も<br/>生存の誓いに変した<br/>すべては君を好きだったから<br/>ビルになって戦場に出,p99
独自坐上火车穿过那片森林 去看你<br/>当达到靠得很近的爱<br/>是不是要靠彼此更近<br/>那瞬间曾热恋到要把手洗<br/>等到时间洗礼我们变得生疏<br/>行走好比遥远到看不见的山丘<br/>如果没法看到你的手掌<br/>还没忘记你冷冽的呼吸<br/>或我对你的回忆 已在漫天雪地里消失?<br/>只为见你一分钟也好<br/>当车站风景再次重现 祈愿我俩,p99
"If you're still alive, it's hard to die.<br/>怕什么死亡，我们才好不容易活到现在<br/>I'm still alive, take this life away.<br/>生命无常，还没开始就宣告结束<br/><br/>With guns, to wars we go,<br/>全副武装，战场上同行<br/>Soldiers, waiting for you.<br/>士兵们，等着你的加入<br/>Is war worth it?<br/>战争，值得吗？<br/><br/>Another world is waiting there.<br/>另一个世界，正将向你打开<br/>Intro to the down falling battlehip",p99
我走过 我看过<br/>我征服过<br/>你看我 感叹我<br/>你看着我<br/>全世界 变的好猖狂<br/>人心 难免遗忘与受伤<br/>丑恶人性 让梦开着窗<br/>何必懂别人 抓住每一刻<br/>绽放笑容又如何<br/>不会永远都顺着通途<br/>见招拆招<br/>向前进 凡事都答一答<br/>不后退 管它多烦多闹<br/>爱希望 会让我勇敢<br/>飞,p99
"- 在德国。<br/>昨天是相同的阳光， 我看到的男孩。<br/>他坐在同一个板 岛上。<br/>并再次 最美丽的旋律 他们踢。<br/>他问""男孩，为什么你坐 你单独?""<br/>我很紧张。<br/>为了把""不救天黑。 ""<br/>现在，我再次去到他那里。<br/>我说：""我的兄弟，我不能 没有你上楼去?""<br/>他笑道：""来吧，我会努力 只有你。<br/>没有我。<br/>我说：""来吧。<br/>来吧，我的兄弟。<br/>时间了！",p99
夏夜里芦笛声声清<br/>我们围着篝火<br/>无拘无束如小鸟奔向丛林<br/>阳光下碧波荡漾<br/>晚风里繁星闪闪<br/>烟雾呵你带着<br/>带着情意<br/>我轻轻地呼唤着<br/>故乡亲爱的妈妈<br/>贝加尔湖边我的家<br/>贝加尔湖边我的家<br/>在头顶永远有一个太阳<br/>我这才感到安全<br/>永远那么明亮<br/>友谊使生活变得轻松<br/>愿,p99
孤风中的他留下了身影，<br/>曾经也算是英厚雄姿。<br/>雨落荒野浪卷起堆堆雪，<br/>更有悲添那痛失家国。<br/>一个真正自由的心，<br/>不需去修改其志节。<br/>仇恨吞噬人而鲜血化红花，<br/>笑声渗透着漩涡何玖。<br/><br/>漫漫的长路留怆能终止，<br/><br/>痛心啊他远远倦逝。<br/>漫漫的长路曲能为结局，<br/><br/>心,p99
让她自由   @赵：<br/>让生命沿小街奔跑<br/>让光阴在雪地上飘落<br/>即使今天只有一把淡茶<br/>让孤独的心再次回首<br/>她无忧无虑地离开我<br/>而我也将随她远去<br/>让生命沿小街奔跑<br/>让光阴在雪地上飘落<br/>即使今天只有一把淡茶<br/>让孤独的心再次回首<br/>她无忧无虑地离开我<br/>而我也将随她远去,p99
"Delerium EP Version<br/><br/>星际冲冲冲<br/><br/>Space Invaders<br/><br/>You Got Some Power<br/><br/>你已有了力量<br/><br/>You Have A Lot Of Love You Can Share<br/><br/>你有许多的爱，你能够分享<br/><br/>Is There Something In The Air?<br/><br/>近来空气中有什么怪气味？<br/><br/>You Blew In The Wind<br/><br/>你自由地随风荡漾着<br/><br/>For You Have Seen The Light<br/><br/>因为你看到了这光芒<br/><br/>You're Too Wild, Sorry Don't Give A Damn<br/><br/>你太",p99
他们说<br/>朝着目标有太多道路<br/>有时难以判断<br/>至北极或韩国<br/>走得越久<br/>闲来加把劲儿<br/>即可绕地球一个圈<br/>本杰明，巴兹和格拉迪斯<br/>全都开始于一个雪葩<br/>我们一路也犯错<br/>他们说我太低了<br/>说我太慵懒了<br/>他们说，这肯定很糟糕<br/>人们也许如此想<br/>但我搞定自己<br/>如果他们让我心烦，我炒掉他们<br/>现在我赚,p99
风中的落叶孤寂如此的沉重<br/>仿佛转眼间就要归根<br/>轻轻地落下，好像静静的诉说着<br/>一生悲欢离愁<br/>我愿为你一生守侯<br/>伴着你左右<br/>为你分担快乐与忧愁<br/>风中的落叶啊，乘着风游离人间<br/>你的到来，给我一生的眷恋<br/>风中的落叶啊，不要再掀起心中的涟漪<br/>感谢你能到来，让我今生与你缠绵,p99
1．<br/>第6世纪时盎格鲁萨克森人入侵不列颠岛﹐加洛琳王朝传入罗马文化。<br/><br/>2．<br/>它见证亚瑟王的传说及中世纪血腥的十字军东征。<br/><br/>3．<br/>在6世纪，当盎格鲁萨克逊人入侵英格兰， Celtic 语渐消失，英语(English) 慢慢形成。<br/><br/>4．<br/>威尔士区使用威尔士语、苏格兰区使用苏格兰语等。<br/><br/>5．<br/>当中世纪以来，盎格鲁萨克逊人引致日耳曼民族,p99
"* 当你为恋爱伤神时<br/><br/>* 伴侣泪眼低垂说：""我不能再过那样的日子了。""<br/><br/>* 或许这儿就是答案．天堂从此幽。<br/>* 天堂到何处寻？<br/>遇见生命奇遇，只需把心敞开。<br/>天堂片刻即现...<br/>当你受伤悲心苦时，人们都认为这里毫无希望．<br/><br/>还以为你也会被这强烈的感觉击垮．<br/><br/>那边天色昏暗，你挣扎着想要摆脱这",p99
说的是忘不了的温柔<br/>如今却各自放手<br/>就这么错过<br/>怎么做以后还可以泪流<br/>说什么忘不掉的哀愁<br/>转眼就将沦为朋友<br/>又何必回头<br/>歇斯底里的难过都不说<br/>回头看看朋友都还在<br/>甜蜜不一定能到永久<br/>答应自己就这一次<br/>就算输了也没有关系<br/>你若能够<br/>假装的快乐一点<br/>我就放心地走远了<br/>你是不是仍然不能够<br/>做回自己<br/>你是不是还对从前念念不忘,p99
悲伤再悲伤也挽不回我们的欢颜<br/>怎么让时光回到起点 为何幸福时光那么短暂<br/>我以为我的祈祷能影响到你<br/>但一切都是我的虚幻 我以为你有同样感受<br/>现在才发现一切都难以追回<br/>快节奏的内心 让我慢慢追忆我们明天<br/>为什么生活那么的残忍<br/>想到你我明白 此刻是什么心情<br/>可以让我再爱你一个人 原谅我们的过去<br/>吻总是短暂 但回忆遥远<br/>快节奏的内心 让我慢慢追忆我们,p99
"今夜无人眠<br/><br/>巴勃罗·聂鲁达/安东尼奥·马查多<br/>No hay dos corazones que laten como uno. 没有两颗跳动的心能融在一起<br/>como dos pechos<br/>--porque ahora es cuando pecho es corazón. 如两个胸怀<br/>它们曾经是，现在仍是。<br/>No hay dos manos que puedan aplaudir como una, 没有两手能鼓掌如一， comogaditas,<br/>--porque ahora es cuando viva la vida. 如双",p99
遍历天涯 脚下尽是孤独。<br/>我站在背后 看舞者翩翩起舞。<br/>无尽四季 困倦疲惫不堪。<br/>牢牢看进眼里 的实在太闪亮。<br/>陀罗之火 是这么的耀眼。<br/><br/><br/>这是一名异乡客孤单眺望着火舞者的情怀。<br/>一位过客在风雨中孤单的承受着痛苦<br/>那无数的星星打造的牢笼啊<br/>就像寂寞落寞的影子一样,p99
红十字精神，你像那日夜不息的流水<br/>在你的周围，涌现了多少的感人事迹<br/>当你向前，就会感到爱的奔流，爱的奉献<br/><br/>人道是情同手足，总是用无限的力量去帮助他<br/>那呼唤着你的名字的求你救助的人群<br/><br/>人道是勇于牺牲，总是用宝贵生命去拯救苍生<br/>那落伍在了时代的我们的中国军人<br/><br/>红十字精神，你像那无私无畏的清风<br/>总是吹,p99
多年前深深把你藏在<br/>心中就像多年以前<br/>你坐在那个角落总是<br/>望着窗外的我<br/>当时的你很腼腆<br/>看的人心里也很甜<br/>默默看着你在班级的一角<br/>似乎也能让烦恼<br/>变得很远很遥远<br/>难过的时候<br/>有你给我安慰<br/>你是一个让我坚强起来的天使<br/>这么多年我一个人过<br/>也是时候该放下了<br/>该超越我们的童年（欧耶耶耶）<br/><br/>你让我怎么忘记<br/>这段时光怎么忘记,p99
请给我继续活下去的勇气<br/><br/>粉身碎骨也不<br/><br/>让我们不小心不小心<br/><br/>相爱了<br/><br/>管这叫运气 你先别急着<br/><br/>猜疑<br/><br/>没领情 就算被拒绝<br/><br/>至少能证明<br/><br/>我们相遇过<br/><br/>在拥挤的岛<br/><br/>我离海洋多远<br/><br/>你离期待又是多远<br/><br/>缺点都没说完<br/><br/>谁给谁准不准心碎<br/><br/>又怎样<br/><br/>生命本来就充满了偶然和意外<br/><br/>爱上你我是那么不经意<br/><br/>,p99
《好莱坞星球》<br/>这是一个阴森与热闹<br/>同时上演的剧场<br/>你想跳舞随便跳，想玩就去玩<br/>这就是好莱坞星球<br/>在这里欢乐就是原则<br/>天王巨星高歌不断的殿堂<br/>这是属于你的广场秀<br/>路灯、郊境、广场、十字路口<br/>任何人都是舞林高手<br/>舞台多自由挑战多难伏<br/>好莱坞星球<br/>一个只有光明的舞台<br/>(唱) 第一轮唱的是高歌不断<br/>第二轮唱的是大众情人<br/>第三,p99
披荆斩棘的开往爱的方向 我知道梦总要让汗水浇灌<br/>梦想有多高 就敢攀多高望着天一路寻找自己<br/>捡起身后散落的爱 让自己快乐<br/>受伤 沉默 越散落 愿望越发清楚<br/>终于挣脱了捆绑和禁锢 哪怕发现洋洋洒洒<br/>是根枯草 也依然越挫越勇 开往远方的光明<br/>我知道梦总要付出很大的代价<br/>我可以从,p99
"我往北京走 让我学中文<br/>Chinese boy and girl<br/>没去过天安门甚至没有见过蛇<br/>to take a great journey<br/>每日看着地图 游玩故宫颐和园大观园<br/>and go to the Great Wall.<br/>我的中文水平 就像一个高中生<br/>My Chinese is sweet...<br/>但我能唱上几首国歌<br/>but I can sing the national anthem.<br/>我眼睛上有东方的神秘 我心里也有<br/>There's mystic in my eyes, because it's Eastern",p99
lrc:sunpzh<br/>驱走我心<br/>在那暴雨的驱走<br/>在我的子午线上<br/>有永远的怀念<br/>拾起来又放在一边<br/>我的时针不停止运转<br/>我已经长久地结束<br/>转身擦去了眼泪<br/>我希望我不会骄傲<br/>我以为我渴望<br/>但是如果你真的美丽和光<br/>如果灵魂真的会言语<br/>会再次爱抚着你<br/>虽然我知道它可能不会<br/>远远地看着你<br/>站在这时候，哦爱：<br/>如果灵魂真的会,p99
摘录<br/>你会给我理由 不让我远走吗<br/>你知道我要你留在我身边<br/>别再让我泪眼朦胧<br/>你知道我会永远的关心你<br/>只要你明白这一点<br/>我的爱情是多么的真<br/>你使我的余生如此的甜蜜<br/>我的爱情是多么的真<br/>你从那里来 你又要去那里<br/>你如此的靠近<br/>陪我一起飞翔 直到我双脚<br/>无力的在地上行走<br/>不管可不可能<br/>我都不会放弃对你的爱<br/>你在我心,p99
INVENCIBLE-Invincible<br/>祢是那看不见的神迹<br/>祢超越所有的可能性<br/>荣耀神祢至高无上<br/>赞美祢奇妙的创造<br/>我的血与心服在祢手下<br/>祢是爱的信使<br/>在这世上传播祢之爱<br/>祢是那看得见的耶稣<br/>祢超越所有的可能性<br/>名字永存是因祢之名<br/>我予全世界我所有<br/>因为我的心不再属于我自己<br/>�,p99
渴望之书<br/>我如何生活在梦中？<br/>如此陌生的感觉。<br/>我想我去期望。<br/>我想我是你。<br/>我想我是可塑的。<br/>我想你，我是。<br/>我想你，我，呵呵！<br/>我想我是你的。<br/>我想我是可塑的。<br/>我想你，我是。<br/>我想要，我想你。<br/>哦，我的上帝！<br/>Oooohhhhhh！<br/>我渴望是糖宝贝。<br/>Oooooohhhhhh！<br/>哦，我的上帝！<br/>如果我得到接近,p99
当我还是小孩的时候，<br/>我父母对我期望很高。<br/>他们认为我应该有远大前程。<br/>他们为我的未来做好了安排，<br/>我的整个世界因此而被安排。<br/>但是我违背了他们的期望。<br/>我步入我的路途。<br/>我过上了我自己的生活。<br/>我过上了我自己的生活。<br/>旁：<br/>当妈妈年纪大了，<br/>突然会觉得妈妈在发光。<br/>即使是爸爸也会对我网开一面。<br/>我犯过这样那样的错，<br/>我逃过了一次又一次的训斥。<br/>,p99
.<br/><br/>别哭，要记住我们的诺言<br/><br/>永远守在各自的身边<br/><br/>为我们珍视的东西一起放手一搏。<br/>你一定要记住今天的眼泪啊，你的痛。<br/><br/>会得到报偿的<br/><br/>将所有悲伤倒出来。<br/><br/>看会儿星星，然后充电吧。<br/><br/>要相信，明天仍会到来。<br/><br/>没有眼泪。<br/>宇宙正式进入新的一年，2077。霸王的舰队再次抵达了，已有些许掩埋的记忆又再次复苏。瞬间，音乐,p99
当我们走在夏日的河畔<br/>河水多么清凉<br/>可以在午后捉些蝌蚪<br/>深情款款<br/>当我们躺在绵绵的白沙滩<br/>心中充满了期盼<br/>等待著英俊的白马<br/>来到我的身旁<br/>忽然间一阵风雨<br/>敲打我们的船<br/>我的心也随著白浪翻腾<br/>像雨的四周<br/>心里多么的不安<br/>可爱的姑娘<br/>别为我担心<br/>我会回到你身旁<br/>相信我 oh<br/>明天雪莱再回到,p99
这世界中唯一能称之为生命的力量<br/>就是那从眼瞳中流露出的锐利的目光<br/>即使赌上所有的一切，也要战胜那遥远的生命<br/>因为拥有钢铁般的心脏，所以将迈向完全一样的道路前进<br/>因为总有一天会来到眼前，所以能毫无恐惧地面对空虚而又永恒的生命<br/>超越极限的速度在这世界上奔驰，自由浪漫地追寻着相同的空气<br/>跨越危险的世界，用钢铁般的力量，在未知的神秘中,p99
哆-哆-啦-哆-啦 哆--<br/>啦-啦-哆-哆-啦-啦<br/>哆-哆-啦-哆-啦 哆--<br/>-啦-啦-哆-哆-啦-啦<br/>有没有 听心跳的声音<br/>祈求你 听到我现在的声音<br/>进入我 感应我的心<br/>这样才能 让我不辛苦<br/>这样才能 结束我的梦想<br/>这样才能 明白我想要什么？<br/>你 在很远的地方<br/>是否会 感应到我,p99
《Bumper Chorus》 - Wilson Phillips<br/>Your fascination<br/>With my head on parade<br/>Your imagination<br/>Running wild and free<br/>My defenses are cracking<br/>I'm coming apart at the seams<br/>You seem to arouse in me<br/>Raging emotions<br/>Ooh ooh ooh<br/>My body's a playground<br/>Of a sex fever<br/>My mind is a junkyard<br/>Of rejected memories<br/>Ooh ooh ooh<br/>My heart beats for you<br/>My eyes see,p99
你看那边不安静的人吗？<br/>告诉他们什么都没有，但保持安静！<br/>因为如果我答应给他们<br/>无论是在阳光还是月光下<br/>我都没有找到另一个地方<br/>让你能拥有一个安全的地面<br/>好吗？<br/>所以你看那边不安静的人<br/>不要赶他们走<br/>即使他知道他知道<br/>但是，没有人知道鬼是什么?<br/>。<br/>所以，为了我，我建造了斜坡的草地<br/>你永远不应该忘记<br/>如果这世界上有的事情<br/>那我的是你<br/>没有。,p99
听着圣诞节的钟声<br/>我们的心迎来了黎明<br/>欢呼雀跃的日子<br/>世界充满了欢乐<br/>你感到是那么的温柔<br/>你感到是那么的温暖<br/>世界变得那么祥和<br/><br/>圣诞节到了<br/>在海顿和你一起<br/>(娜塔莉)<br/>中央公园雪花纷飞<br/>(安娜贝勒)<br/>当北风吹起<br/>树木摇摇欲坠<br/>圣诞节到了<br/>快从壁炉捧起火<br/>(尤丽)<br/>围着冰冷的火<br/><br/>慢慢等待<br/>(,p99
"徘徊在夜半时分之黑色孤军。<br/>Lost in the dark whenever the night falls.<br/>困在战幔处 立于混乱市，从头叹到尾。<br/>Lost in the chaos.<br/>I am starting to be disenchanted.<br/>为何这乱世从未完整。<br/>Why is this world never complete?<br/>事如残缺。<br/>Who are they trying to fool?<br/>三思而后行。到头来，你方将流浪。<br/>Beware, before it gets you",p99
"“On this day I found you,<br/>你是在今朝，<br/><br/>You filled my dream with music.<br/>你给我的梦里，<br/><br/>With sweet things that sound too good to be true.<br/>添满了甜蜜，<br/><br/>To hold in my arms the only thing I ever need<br/>拥着你便能得到，<br/><br/>Sweet saint of endless sorrow.<br/>永远无穷的哀伤的<br/><br/>Remember my heart was empty and cold and brave<br/>别忘记我这样的一个心，<br/><br/>Until the day I called you",p99
来到这陌生的国度。<br/>犹如从天堂掉进地狱。<br/>虽然挫折不断 把我困在谷底。<br/>一想到上帝无穷的恩典。<br/>我已不再怀疑，真的。<br/>我从不以为自己坚强， 可知上帝早已在改变我。<br/>主，我是如此软弱！<br/>如果你真是主， 求你告诉我。<br/>是你向米尔丁搭 造那座通天梯吗？<br/>是我祷告的旋风暴 让我平静吗？<br/>主啊，给我勇气去追随 您的,p99
当我遇到哈利先生的时候，我并不惊奇<br/>在那个城市里会有人像我一样地优秀。<br/>我非常的难过，因为他只是一个孩子<br/>他想和我见面，我答应了。<br/>我想：“如果他只是一个孩子，我会很温柔。”<br/>然而，他是一个比较大一点的小伙子，他吃蜜就像我平日的午餐。<br/>当我发现自己开始喜欢他以后<br/>我变的不像个平常的女人了。<br/>那是因为我见到那个男人<br/>然后，我开始叽叽�,p99
海枯石烂<br/>爱的誓言<br/>永远袂相欠<br/>情海浮沉<br/>往事随风<br/>梦中的相逢<br/>甜蜜的情话<br/>随风飘散<br/>我在盼望你在等待<br/>山也无言<br/>水也呜咽<br/>问世间情是何物<br/>当我冷漠<br/>当我无情<br/>甚至开始抗拒<br/>心在颤抖<br/>泪还朦胧<br/>事后却难认同<br/>逃又无处<br/>躲又无从<br/>竟不知所措,p99
当我每次看见他们，我的母校的一群大人物<br/>这一切是为什么！　为什么必须这样？<br/><br/>我们相爱，为什么我们会厌倦？　为什么？<br/>什么？为什么我们会生气？　为什么！<br/><br/>当我看到节奏在夜晚中，这是不要去不了<br/>等待有一天，我们会再见面，不能分开太长太远<br/>多少次，我欲言又止，我了解你的犹豫<br/>但我不会让它结束！　现在我不能把它藏在你身后<br/><br/>让我们去,p99
Aint no sunshine when she's gone It's not warm when she's away<br/>And she's always gone too long Anytime she goes away<br/>Aint no sunshine when she's gone And she's always gone too long,p99
(合)一步一步像恒星转动<br/>逆风也不放手<br/>因为你在我胸口擦亮的梦<br/>一天一天像恒星闪烁<br/>心跳绝不放松<br/>我相信未来会有未来的我<br/><br/>(东)你的微笑像火柴<br/>划过我心脏动脉<br/>眼前突然间出现<br/>梦的形状等着我探勘<br/><br/>,real
轻轻笑声 在为我送温暖<br/>妳为我注入快乐强电<br/>轻轻说声 漫长路快要走过<br/>终于走到明媚晴天<br/>(声声)欢呼跃起 像红日发放金箭<br/>我伴妳往日笑面重现<br/>轻轻叫声 共抬望眼看高空<br/><br/>终于青天优美为妳献<br/>拥着妳 当,real
THE NIGHT<br/><br/>昨天好美 只要是有你的画面 都是记忆经典<br/>每次回味 嘴角弧线把忧愁都溶解<br/><br/>记忆的线 时间是一个圆圈圈 过去循环眼前<br/>相爱细节 是我脑海里唯一的乐园<br/><br/>记得洒满银色月光那夜 静静,real
疾似风 用劲冲 追赶我的美梦<br/>任雨打 未怕它 挥洒那猛风中<br/>让理想 尽发挥 天生我必有用<br/>动脑筋 尽我心 在思考中变通<br/><br/>竞争进步 用我的斗志与大勇<br/>天天去练习 管它冷风冰冻<br/><br/>发挥友情 互勉中你我最,real
你我就如窗边雨水～<br/>背弃密云跟风向找一角 暂居<br/>过客亦求安睡<br/>最怕突然打雷 惊吓 呼喊梦见的～ 仙境粉碎<br/><br/>你我又如敢死战队～<br/>对抗坏人击不退 少不免得罪<br/>如孱弱被一击致命<br/>如强硬没一点畏惧～ 在炮火,real
因为喜欢有了爱 希望的花真的开<br/>在你面前我像个小孩 兴奋得连自己都出卖<br/>握住你就像握住了爱 溺爱的心百分之百<br/><br/>其实我还并不坏 只是感情太坦白<br/>敢爱的人就怕会失败 请别把我随便塞<br/><br/>真心真意真的爱上你,real
分不出是泪是雨<br/>泪和雨忆起了你<br/>忆起你雨中分离<br/>泪珠儿洒满地<br/>哭泣 你哭泣为了分离<br/>分离 分离后再相见不易<br/>我重把你的爱情藏在我心底<br/>啊 藏在我心底<br/>就好像藏起回忆<br/><br/>我喜欢绵绵细雨<br/>细雨里忆起了你<br/>,real
钱有时买得到快乐 但却买不到爱人<br/><br/>不见人客的鲍翅席 难道又会更开心<br/><br/>讨厌的说喜爱 喜爱的说讨厌<br/><br/>讨厌的说喜爱 喜爱的说讨厌<br/><br/>钱用完就算,real
Ready Going Ready 王牌对王牌<br/>Ready Going Ready 我就是王牌<br/>我抢夺先机 登峰造极<br/>我们就是王牌<br/>世界有几十亿人口 闪耀在每一个角落<br/>我是最独一无二的 OH OH O,real
咪笑我爱着那些长丝袜<br/>我秀发到脚眼似长毛怪物<br/>相当之出众但衰人<br/>不断hurt我嘘我虾我<br/>从前试过<br/>穿起我妹妹那些衫裤裙<br/>衫裤裙衫裤(哎呀哎呀仲有呢)<br/>从前试过<br/>跟一班师妹学下做瑜珈<br/>做瑜珈做完<br/>见你咁,real
电影 开心鬼 主题曲<br/><br/>心肝宝贝 突然在眼前 我急促气喘<br/>动情为你 盼君可发现 回赠相思一串<br/><br/>如火的眼波 跟你通电 倾出我灼热狂焰<br/>瞳孔早扩张 失去焦点 心窗已虚掩<br/><br/>△心肝宝贝 梦正甜 叹春宵太短,real
综艺节目 梦想演播厅 主题曲<br/><br/>这一刻站上舞台的勇气<br/>灯光点燃了热情<br/>Shining light light light tonight<br/>台下为我们呐喊的声音<br/>同唱追梦的旋律<br/>Shining ligh,real
送妳一百九十九朵玫瑰 代表我的思念<br/>思念去年的夏天 思念妳含着泪的眼<br/>送妳一百九十九朵玫瑰 代表我的想念<br/>想念甜美旧时光 想念妳依偎在我身旁<br/><br/>再送妳一滴我的眼泪 代表我的心已碎<br/>曾经头也不回 竟让花,real
电影 匆匆那年 主题曲<br/><br/>匆匆那年 我们究竟说了几遍 再见之后再拖延<br/>可惜谁有没有爱过 不是一场七情上面的雄辩<br/>匆匆那年 我们一时匆忙撂下 难以承受的诺言<br/>只有等别人兑现<br/><br/>不怪那吻痕 还没积累成茧<br/>,real
都是我 耶~~<br/><br/>就像早就知道 一个故事所有情节<br/>却还是会去重温一遍 熟悉感觉<br/>我们心里了解 这出戏不该再接 却没有拒绝<br/>我看着妳对着空气做表情<br/>没有对手的戏一场又一场<br/>妳只好一个人对镜头笑<br/>如果我真,real
浓情掠过瞬间即逝<br/>埋没我心底<br/>无从预计你的心内<br/>容纳爱的空位<br/>身边虚假留下的安慰<br/>是你那骗人造诣<br/>从谈话里你的虚伪<br/>蚕蚀我身体<br/>谁能预计爱的绚丽<br/>全被猛火烧毁<br/>种种苦楚楚在心交替<br/>象对我说 热爱枯萎<br/>,real
想她早已使我伤透脑筋 因她心里仿似不会安份<br/>心只恐她偷偷的爱别人 分天一秒都已不会放心<br/>菲林早已装上一切谨慎 天阴阴跟踪她街里夜行<br/>(不愿爱恋中牺牲) 不甘一生都灰暗 (搜集証供去质问)<br/>我像武士道化,real
谁在昨天放低我 然后再 赐给我被窝<br/>其实上天已不错 能让你间中爱我<br/>完全谅解你的错 同样我错给你太多<br/>为何让我不珍惜我 随便你 去宰割我<br/><br/>你拯救我 撕毁我<br/>然后再双手暖我 使我没法躲<br/>你支配我 牺牲,real
狼来了 将一颗痴心吃掉了 我没法预料这一个后果<br/>明明仍在欢笑 不消一秒尽碎掉留下你的容颜在思忆中捉弄我<br/><br/>狼来了 天空的星星退避了 我没法入睡伤心痛楚<br/>缓缓地泪干了 昨日的爱亦弃掉 如让我可重头 是否,real
你别惊讶<br/>徘徊在这条静静路上做什么<br/>夜的都市蒙上一层纱<br/>雾色如梦如画 徜徉月下<br/>悠然自得 忘情舞蹈<br/>我踢踢又踏踏<br/><br/>月儿高挂把银粉洒<br/>啊大地笼罩一片光华<br/>拖长我们影子好优雅<br/>虫声伴奏沙沙在月下<br/>谈起往,real
1974年电影 燕飞翔 插曲<br/><br/>我从大街走过 大街上行人如梭<br/>我不认识谁 谁也不知我<br/>我从小巷走过 小巷里行人几个<br/>到处多陌生 孤单又寂寞<br/><br/>小河边 找不到 往日的欢乐<br/><br/>青草地 看不见 有人在唱歌<br/>,real
困在重复梦境 迷恋百年孤寂<br/>好久不见的你 结霜的玫瑰花<br/>怀念我们叹息 想像抱在一起<br/>平行的时空里 你跟我在对话<br/><br/>一起游戏 一起沉没 一路到底 漂著<br/>一声巨响 一场荒凉 无解飞行 拴著<br/>你灵魂 我身体,real
虽然经常梦见你 还是毫无头绪<br/>外面正在下著雨 今天是星期几<br/>But I don't know 你在哪里<br/><br/>虽然不曾怀疑你 还是忐忑不定<br/>谁是你的那个唯一 原谅我怀疑自己<br/><br/>我明白 我要的爱<br/>会把我宠坏,real
爱情没有把握 没有永远的承诺<br/>有时会难过 有时候也会不错<br/>人们来匆匆 去也去得不从容<br/>来来来一起舞吧<br/>别再抱怨 伤心也要放假<br/>总有好的一天<br/><br/>一起森巴舞 不用孤独<br/>抛开烦恼与痛苦<br/><br/>一起森巴舞 不再孤,real
说来好笑 大多数人始终学不好<br/>失恋的痛苦容易忘掉<br/>心像嗜糖的蚂蚁盲目了<br/>闻到爱情的味道就往下掉<br/>至少我已经学会说不要<br/>不让理智被爱情出卖掉<br/>虽然偶尔寂寞会敲门找<br/>却躲过爱情的烦恼 wu...<br/><br/>寂寞刚,real
"哇..大家好. (- -笑场)<br/>哈喽!大家好,我是JJ林俊杰.<br/><br/>呜~! (- -搞气氛) 谢谢大家的到来,<br/>我等了好多个100天..(- -一时紧张,笑场)<br/><br/>谢谢大家,欢迎大家来到林俊杰的JJ P",real
电影 向左走向右走 第一波主打歌<br/><br/>听见 冬天的离开 我在某年某月 醒过来<br/>我想 我等 我期待 未来却不能因此安排<br/><br/>阴天 傍晚 车窗外 未来有一个人在等待<br/>向左 向右 向前看 爱要拐几个弯才来<br/><br/>我,real
看到你想到伊 茫茫亲像块酒醉<br/>想起故乡心爱你 不觉心内真稀微<br/><br/>不是我无勇气 不是我无爱你<br/>不愿乎人看无起 才著离别造千里<br/>吉他声唱情诗 轻轻叫着你名字<br/>希望永远伴着你<br/><br/>《看着你想着伊》Khuànn,real
晚饭得我望前顾后 餐厅窗边走回头<br/>方便面跟我是朋友 熟悉得不须要抬头<br/>不管我 留嘴边的污垢<br/>不知我 连番激斗没对手才独斗<br/>杀光种种妖兽 但我也快要成为怪兽<br/><br/>我没风格没人注视 花不起钱赶潮流<br/>我没好处,real
WOO....A 可否争番一口气<br/>我是恶梦 天天都可骚扰你<br/>与你遇着在路途 你莫退避<br/>我是愤怒 分分钟可烧死你<br/>几多虚假的好汉 都睇不起！<br/><br/>只想吞千吨的怒火 未去想失声高叫<br/>I'LL NEVER D,real
多一啲 多一啲 多一啲 抱爱侣安睡<br/>多一啲 多一啲 多一啲 亲手帮助谁 抹掉雨水<br/>多一啲 多一啲 多一啲 对世界考虑<br/>内心的歌 笑着去写<br/>写进年纪去 热情热诚做文具<br/><br/>多一啲 多一啲 多一啲 欢呼中相,real
你又不是李白 不用说诗的对白<br/>不用酒后安排 浪漫的交待<br/>感情虽然失败 还好甜点很精彩<br/>谢谢你的招待 这一次的单我来买 原谅我心情还愉快<br/><br/>为什么要分开 我连猜也不想猜<br/><br/>我不是庸才 你不是天才 也不是,real
天空 似预告暴雨 又再次翻飞 仍不退避<br/><br/>就算气候变幻我亦已预期<br/><br/>心中 我已看透 是往事会变依稀<br/><br/>人于世上 要绝对尽兴 直至没法要别离<br/><br/>简单的哲理 欢欣跟痛悲 辗转会有转机<br/><br/>(要)面对自己 每,real
Love Follows Us<br/><br/>别想你 忍不住我提醒自己 伤了心 有些事也要过去<br/>心很痛 痛的不想再做我自己 别回头 情已去缘已尽<br/><br/>很想你 也不是因为失去你 爱了你 用尽我全心全力<br/>一生情 只为这,real
在这个爱的世界里没有猜疑，<br/>也没有分离，更没有哭泣，<br/>在这个爱的世界里充满欢笑，<br/>更充满甜蜜，在你的心里。<br/>在这个世界里有我就有你，<br/>我陪伴着你，像鸟比翼，<br/>在这个世界里有我就有你，<br/>我陪伴着你，像鸟,real
今晚睡不着 明天就要返乡<br/>太多的东西塞满了行李箱 都装不完<br/>到银行领了现钞 准备好要派的红包<br/>反复检查皮夹和背包 带上胃药车票和口罩<br/><br/>看 这城市满目疮痍 饱受着重创<br/>看似光鲜亮丽的背后 多少人遍体鳞,real
看着被妳 退回的信 烧成了灰烬<br/>一字一泪 灰飞烟灭 我才肯相信<br/>在我们已经僵持的心里<br/>用同样的决心 作不同的决定<br/><br/>这样也好 我的远行 回程就放弃<br/>一站一站 带着伤心 一路走下去<br/>让异乡我不熟悉的言语,real
长帆悠悠靠岸 仍未靠向我只好在看<br/>长帆榜长堤上 笑问只身的我 是否心底向往<br/><br/>情缘谁人也希罕 无论有过万次的失望<br/>仍遥望帆遥荡 纵是千千的过 自有张来日靠心上<br/><br/>情来自有方 只要仍祈望 天边海角互不相,real
一时 迷失 红绿灯都停止<br/>接二连三台风 叫人放肆<br/><br/>四分五裂的禁止 七上八下的心事<br/>扮林黛玉 扮爱丽丝 扮小王子<br/>我 只不过是你的零食 /哼<br/><br/>一时 遗失 回家的地址<br/>还得三番两次 说谎来掩饰 /累死,real
一于努力 一于努力换个对象<br/>一于记住 一于记住创新方向<br/>一于努力 一于努力留下印象<br/>一于记住 一于记住每天向前望<br/>今日我就想同大家讲哧耶稣<br/>你未必钟意听 不过听过好过没<br/>我知道你的好多个都念过定煲<br/>不,real
DNF 十周年主题曲<br/><br/>感谢这挑剔性格<br/>绝不肯将就言和<br/>从不满意所谓合格<br/>对每个我攻无不克<br/>参赛者越来越多<br/>天敌却只有一个<br/>号角一响头也不回<br/>我眼中只瞄准我<br/><br/>让我拿下  上个我<br/>造的传说(记录用来打,real
电影 灵语 主题曲<br/><br/>爱冰冷的躺在<br/>时间的胸怀<br/>在落幕前的留白<br/>还有何罣碍<br/><br/>爱转身的背影<br/>临终的吿白<br/>该写怎样的遗言<br/>将逝之爱<br/><br/>活在最后一场拥抱<br/>没留一丝遗憾<br/>就像天空感谢飞鸟曾存在<br/><br/>将逝去的爱,real
"只想你共我 爱爱得很好过 不想有别个 再说你和我太多 情就是你我<br/><br/>Repeat ,,△<br/><br/>只想你共我 爱爱得很好过 不想有别个 再说你和我太多<br/>非一般爱火 非非一般爱火 连同是祈望 一起也打破<br/>只想",real
流泪后竟不在意 心碎后慢慢拾起<br/>告别这一季 也告别缠绵的爱意<br/><br/>谁愿意封闭记忆 一个人独自哭泣<br/>分分与离离早已注定<br/><br/>爱火已经燃尽无声夜里 相爱相守与相离本是定律<br/><br/>说著爱我不变也是情话一句 人一去爱,real
爱 失去的爱 讨不回来<br/>我还有话想对你说<br/>舍不得说 来不及说<br/>离别的话最难说出口<br/>你会找到新的生活<br/>我会收起我的难过<br/>相信一切都是值得<br/><br/>就放心去吧<br/>祝你幸福和快乐 自由的飞<br/>有天使在你身旁<br/>就放心走,real
你是不是像我在太阳下低头 流着汗水默默辛苦的工作<br/>你是不是像我就算受了冷漠 也不放弃自己想要的生活<br/><br/>你是不是像我整天忙着追求 追求一种你想不到的温柔<br/>你是不是像我曾经茫然失措 一次一次徘徊在十字街头,real
忘记分开后的第几天起<br/>喜欢一个人 看下大雨<br/>没联络 孤单就像连锁反应<br/>想要快乐都没力气<br/><br/>雷雨世界像场灾难电影<br/>让现在的我 可怜到底<br/>对不起 谁也没有时光机器<br/>已经结束的 没有商量的余地<br/><br/>我希望你 ,real
我们是一群砂的海燕，<br/>飞翔在广阔的天空，<br/>生活在这浩瀚的海上，<br/>沐浴著温暖的阳光。<br/>我们不怕浪高我们不怕风狂，<br/>我们要飞翔，我们要歌唱，<br/>歌唱飞翔，飞翔歌唱，<br/>歌唱那光明，飞向那理想。<br/><br/>我们是一群砂,real
忠孝东路西对介寿大路遐 介寿大路公在中正大庙埕<br/>介寿大路口号按作无开声 中正大庙埕内大家免着惊<br/><br/>有一个古早门城在铁枝路边企 当年隔壁阿本仔侵入著行在这<br/>今仔交通闹热夹甲呒震动 恬恬不敢喘气孤单在眠梦,real
我喜欢 看着你的眼晴<br/>大声猜出你的秘密<br/>虽然心裹十分得意<br/>我也尽量不露任何表情<br/><br/>我喜欢 不顾你的怀疑<br/>告诉你今天下不下雨<br/>等你全身湿湿淋淋<br/>会把我的话更放在心底<br/><br/>我喜欢 读出你的心意<br/>和你一样打扮,real
彼此都清楚今晚想一起<br/>碰上了即使片刻不能离<br/>天一光彼此抛进碎纸机<br/>各有各记挂著太短时期<br/><br/>来换两句 我爱你<br/>看似就要飞<br/>然后道别 荡漾著<br/>幻灭的滋味<br/>谁若吻我 我吻你<br/>就是没有对不起<br/><br/>如若你 坏不起,real
在每天清早见面 那么新鲜的光线<br/>印在凝望我的一双眼睛 是最简单的笑脸<br/>是最贴心的温暖 把我独占<br/><br/>许多许多的打算 就算就算多挑战<br/>始终相信 彼此的爱 不改半点<br/>最真最深的相恋 令你令我都心软<br/>真想不到,real
无论你朝见夜见都不够 留在瞭望台望清楚感受<br/>横竖你左抱右抱都不够 凭剩余热情什么都占有<br/><br/>全日爱 全日爱 离合每天接力赛<br/>谈论爱 炫耀爱 谁又了解怎么爱<br/>凭著爱 全为爱 难道理想国便会存在<br/><br/>拿一点英,real
已说过了再见 心却没告别你一天 曾为你放弃一切 你还是有你的世界<br/>明知道不能越陷越深 苦苦困住了自己 却无能为力<br/>是否太软弱 不能够清醒 是否太软弱 不像了自己(是否太软弱 还想你)<br/>为何反反复复 你,real
燃亮这口烟 空虚千点涌到枕边<br/>窗纱轻将光线遮掩 晦暗了几天<br/>才发觉我此生 欠缺妳心中感觉很酸<br/>闭上眼思忆起妳的一切 盼妳到枕边<br/>让往昔 在臂上散落千丝温暖散落怀念<br/>情泪无声 热烫的沾湿于我面<br/>无言中 ,real
三立 & Netflex 戏剧 一千个晚安 片尾曲<br/><br/>童年的铁道员 教我要开始许愿<br/>火车进站多少遍 爱都是终点<br/>旅程会改变 写进岁月的明信片<br/>寄给从前 留给时间沈淀<br/><br/>我画出了一个圆 将你们紧紧的包围,real
让晚风吹走感叹，但记忆周转太慢，在我心寸步而行，如白蚁搔痒脚板。<br/>但我知今天的你，没法记当天灿烂，但记忆将你拥有留心间，仍浪漫。<br/>那天一梭梦幻，但无奈说你心已无法没法可忍，是我天天怠慢。<br/>让爱归于平淡,real
(前奏)<br/><br/>我多high你都陪我疯 我耍冷你笑到头痛 我倔强难过不讲但 你懂<br/>一句话就帮我想通 一拥抱感动不言中 一相信未知的潜力都汹涌<br/><br/>你欢呼分享我奋力一搏的光荣 你拍手提醒我不停作梦 别怕白日梦,real
完美就是个折磨人的念头 想在它耳边 说现形吧恶魔<br/>我们身体里有一座皇宫 外墙却过份雕琢<br/><br/>LADY 谐音是泪滴 对不起 灵魂是 水做的<br/>谁下了标题 胸围与胸襟 他们选了最廉价的那种<br/><br/>女孩们加油 为何,real
离开你 我像一个逃兵 无处可去 也无路可退<br/>脆弱的泪 总在提醒自己 失败的滋味 让自己好累<br/><br/>分手原来是那么简单 一句话将所有都改变<br/>我的明天 该怎么来安排 我是不是应该 把心藏起来<br/><br/>过去的一点一滴,real
